"location_id","location","disease","time","age_group_id","age_group","age","is_filled","gender_id","gender","measure_id","measure","mean","lower","upper","disease_clean"
705,"Slovenia","Cervical cancer",2023,6,"5-9 years",5,TRUE,2,"Female",5,"prevalence",0,0,0,"cervical cancer"
705,"Slovenia","Cervical cancer",2023,6,"5-9 years",5,TRUE,2,"Female",6,"incidence",0,0,0,"cervical cancer"
705,"Slovenia","Cervical cancer",2023,6,"5-9 years",5,TRUE,2,"Female",15,"mortality",0,0,0,"cervical cancer"
705,"Slovenia","Cervical cancer",2023,6,"5-9 years",5,TRUE,2,"Female",7,"remission",0,0,0,"cervical cancer"
705,"Slovenia","Cervical cancer",2023,6,"5-9 years",6,TRUE,2,"Female",5,"prevalence",0,0,0,"cervical cancer"
705,"Slovenia","Cervical cancer",2023,6,"5-9 years",6,TRUE,2,"Female",6,"incidence",0,0,0,"cervical cancer"
705,"Slovenia","Cervical cancer",2023,6,"5-9 years",6,TRUE,2,"Female",15,"mortality",0,0,0,"cervical cancer"
705,"Slovenia","Cervical cancer",2023,6,"5-9 years",6,TRUE,2,"Female",7,"remission",0,0,0,"cervical cancer"
705,"Slovenia","Cervical cancer",2023,6,"5-9 years",7,TRUE,2,"Female",5,"prevalence",0,0,0,"cervical cancer"
705,"Slovenia","Cervical cancer",2023,6,"5-9 years",7,TRUE,2,"Female",6,"incidence",0,0,0,"cervical cancer"
705,"Slovenia","Cervical cancer",2023,6,"5-9 years",7,TRUE,2,"Female",15,"mortality",0,0,0,"cervical cancer"
705,"Slovenia","Cervical cancer",2023,6,"5-9 years",7,TRUE,2,"Female",7,"remission",0,0,0,"cervical cancer"
705,"Slovenia","Cervical cancer",2023,6,"5-9 years",8,TRUE,2,"Female",5,"prevalence",0,0,0,"cervical cancer"
705,"Slovenia","Cervical cancer",2023,6,"5-9 years",8,TRUE,2,"Female",6,"incidence",0,0,0,"cervical cancer"
705,"Slovenia","Cervical cancer",2023,6,"5-9 years",8,TRUE,2,"Female",15,"mortality",0,0,0,"cervical cancer"
705,"Slovenia","Cervical cancer",2023,6,"5-9 years",8,TRUE,2,"Female",7,"remission",0,0,0,"cervical cancer"
705,"Slovenia","Cervical cancer",2023,6,"5-9 years",9,TRUE,2,"Female",5,"prevalence",0,0,0,"cervical cancer"
705,"Slovenia","Cervical cancer",2023,6,"5-9 years",9,TRUE,2,"Female",6,"incidence",0,0,0,"cervical cancer"
705,"Slovenia","Cervical cancer",2023,6,"5-9 years",9,TRUE,2,"Female",15,"mortality",0,0,0,"cervical cancer"
705,"Slovenia","Cervical cancer",2023,6,"5-9 years",9,TRUE,2,"Female",7,"remission",0,0,0,"cervical cancer"
705,"Slovenia","Cervical cancer",2023,7,"10-14 years",10,TRUE,2,"Female",5,"prevalence",0,0,0,"cervical cancer"
705,"Slovenia","Cervical cancer",2023,7,"10-14 years",10,TRUE,2,"Female",6,"incidence",0,0,0,"cervical cancer"
705,"Slovenia","Cervical cancer",2023,7,"10-14 years",10,TRUE,2,"Female",15,"mortality",0,0,0,"cervical cancer"
705,"Slovenia","Cervical cancer",2023,7,"10-14 years",10,TRUE,2,"Female",7,"remission",0,0,0,"cervical cancer"
705,"Slovenia","Cervical cancer",2023,7,"10-14 years",11,TRUE,2,"Female",5,"prevalence",0,0,0,"cervical cancer"
705,"Slovenia","Cervical cancer",2023,7,"10-14 years",11,TRUE,2,"Female",6,"incidence",0,0,0,"cervical cancer"
705,"Slovenia","Cervical cancer",2023,7,"10-14 years",11,TRUE,2,"Female",15,"mortality",0,0,0,"cervical cancer"
705,"Slovenia","Cervical cancer",2023,7,"10-14 years",11,TRUE,2,"Female",7,"remission",0,0,0,"cervical cancer"
705,"Slovenia","Cervical cancer",2023,7,"10-14 years",12,TRUE,2,"Female",5,"prevalence",0,0,0,"cervical cancer"
705,"Slovenia","Cervical cancer",2023,7,"10-14 years",12,TRUE,2,"Female",6,"incidence",0,0,0,"cervical cancer"
705,"Slovenia","Cervical cancer",2023,7,"10-14 years",12,TRUE,2,"Female",15,"mortality",0,0,0,"cervical cancer"
705,"Slovenia","Cervical cancer",2023,7,"10-14 years",12,TRUE,2,"Female",7,"remission",0,0,0,"cervical cancer"
705,"Slovenia","Cervical cancer",2023,7,"10-14 years",13,TRUE,2,"Female",5,"prevalence",0,0,0,"cervical cancer"
705,"Slovenia","Cervical cancer",2023,7,"10-14 years",13,TRUE,2,"Female",6,"incidence",0,0,0,"cervical cancer"
705,"Slovenia","Cervical cancer",2023,7,"10-14 years",13,TRUE,2,"Female",15,"mortality",0,0,0,"cervical cancer"
705,"Slovenia","Cervical cancer",2023,7,"10-14 years",13,TRUE,2,"Female",7,"remission",0,0,0,"cervical cancer"
705,"Slovenia","Cervical cancer",2023,7,"10-14 years",14,TRUE,2,"Female",5,"prevalence",0,0,0,"cervical cancer"
705,"Slovenia","Cervical cancer",2023,7,"10-14 years",14,TRUE,2,"Female",6,"incidence",0,0,0,"cervical cancer"
705,"Slovenia","Cervical cancer",2023,7,"10-14 years",14,TRUE,2,"Female",15,"mortality",0,0,0,"cervical cancer"
705,"Slovenia","Cervical cancer",2023,7,"10-14 years",14,TRUE,2,"Female",7,"remission",0,0,0,"cervical cancer"
705,"Slovenia","Cervical cancer",2023,8,"15-19 years",15,TRUE,2,"Female",5,"prevalence",4.6299339459e-06,3.4635977625e-06,5.9689252141e-06,"cervical cancer"
705,"Slovenia","Cervical cancer",2023,8,"15-19 years",15,TRUE,2,"Female",6,"incidence",5.79827812e-07,4.497130646e-07,7.605257791e-07,"cervical cancer"
705,"Slovenia","Cervical cancer",2023,8,"15-19 years",15,TRUE,2,"Female",15,"mortality",0.0198371112047652,0.0214365219669272,0.0188875304910662,"cervical cancer"
705,"Slovenia","Cervical cancer",2023,8,"15-19 years",15,TRUE,2,"Female",7,"remission",0,0,0,"cervical cancer"
705,"Slovenia","Cervical cancer",2023,8,"15-19 years",16,TRUE,2,"Female",5,"prevalence",4.6299339459e-06,3.4635977625e-06,5.9689252141e-06,"cervical cancer"
705,"Slovenia","Cervical cancer",2023,8,"15-19 years",16,TRUE,2,"Female",6,"incidence",5.79827812e-07,4.497130646e-07,7.605257791e-07,"cervical cancer"
705,"Slovenia","Cervical cancer",2023,8,"15-19 years",16,TRUE,2,"Female",15,"mortality",0.0198371112047652,0.0214365219669272,0.0188875304910662,"cervical cancer"
705,"Slovenia","Cervical cancer",2023,8,"15-19 years",16,TRUE,2,"Female",7,"remission",0,0,0,"cervical cancer"
705,"Slovenia","Cervical cancer",2023,8,"15-19 years",17,TRUE,2,"Female",5,"prevalence",4.6299339459e-06,3.4635977625e-06,5.9689252141e-06,"cervical cancer"
705,"Slovenia","Cervical cancer",2023,8,"15-19 years",17,TRUE,2,"Female",6,"incidence",5.79827812e-07,4.497130646e-07,7.605257791e-07,"cervical cancer"
705,"Slovenia","Cervical cancer",2023,8,"15-19 years",17,TRUE,2,"Female",15,"mortality",0.0198371112047652,0.0214365219669272,0.0188875304910662,"cervical cancer"
705,"Slovenia","Cervical cancer",2023,8,"15-19 years",17,TRUE,2,"Female",7,"remission",0,0,0,"cervical cancer"
705,"Slovenia","Cervical cancer",2023,8,"15-19 years",18,TRUE,2,"Female",5,"prevalence",4.6299339459e-06,3.4635977625e-06,5.9689252141e-06,"cervical cancer"
705,"Slovenia","Cervical cancer",2023,8,"15-19 years",18,TRUE,2,"Female",6,"incidence",5.79827812e-07,4.497130646e-07,7.605257791e-07,"cervical cancer"
705,"Slovenia","Cervical cancer",2023,8,"15-19 years",18,TRUE,2,"Female",15,"mortality",0.0198371112047652,0.0214365219669272,0.0188875304910662,"cervical cancer"
705,"Slovenia","Cervical cancer",2023,8,"15-19 years",18,TRUE,2,"Female",7,"remission",0,0,0,"cervical cancer"
705,"Slovenia","Cervical cancer",2023,8,"15-19 years",19,TRUE,2,"Female",5,"prevalence",4.6299339459e-06,3.4635977625e-06,5.9689252141e-06,"cervical cancer"
705,"Slovenia","Cervical cancer",2023,8,"15-19 years",19,TRUE,2,"Female",6,"incidence",5.79827812e-07,4.497130646e-07,7.605257791e-07,"cervical cancer"
705,"Slovenia","Cervical cancer",2023,8,"15-19 years",19,TRUE,2,"Female",15,"mortality",0.0198371112047652,0.0214365219669272,0.0188875304910662,"cervical cancer"
705,"Slovenia","Cervical cancer",2023,8,"15-19 years",19,TRUE,2,"Female",7,"remission",0,0,0,"cervical cancer"
705,"Slovenia","Cervical cancer",2023,9,"20-24 years",20,TRUE,2,"Female",5,"prevalence",5.02319804877e-05,3.67234844601e-05,6.66370583607e-05,"cervical cancer"
705,"Slovenia","Cervical cancer",2023,9,"20-24 years",20,TRUE,2,"Female",6,"incidence",5.9998460964e-06,4.5641670446e-06,7.8927494533e-06,"cervical cancer"
705,"Slovenia","Cervical cancer",2023,9,"20-24 years",20,TRUE,2,"Female",15,"mortality",0.00976551964701648,0.010705511254709,0.00907441788754554,"cervical cancer"
705,"Slovenia","Cervical cancer",2023,9,"20-24 years",20,TRUE,2,"Female",7,"remission",0,0,0,"cervical cancer"
705,"Slovenia","Cervical cancer",2023,9,"20-24 years",21,TRUE,2,"Female",5,"prevalence",5.02319804877e-05,3.67234844601e-05,6.66370583607e-05,"cervical cancer"
705,"Slovenia","Cervical cancer",2023,9,"20-24 years",21,TRUE,2,"Female",6,"incidence",5.9998460964e-06,4.5641670446e-06,7.8927494533e-06,"cervical cancer"
705,"Slovenia","Cervical cancer",2023,9,"20-24 years",21,TRUE,2,"Female",15,"mortality",0.00976551964701648,0.010705511254709,0.00907441788754554,"cervical cancer"
705,"Slovenia","Cervical cancer",2023,9,"20-24 years",21,TRUE,2,"Female",7,"remission",0,0,0,"cervical cancer"
705,"Slovenia","Cervical cancer",2023,9,"20-24 years",22,TRUE,2,"Female",5,"prevalence",5.02319804877e-05,3.67234844601e-05,6.66370583607e-05,"cervical cancer"
705,"Slovenia","Cervical cancer",2023,9,"20-24 years",22,TRUE,2,"Female",6,"incidence",5.9998460964e-06,4.5641670446e-06,7.8927494533e-06,"cervical cancer"
705,"Slovenia","Cervical cancer",2023,9,"20-24 years",22,TRUE,2,"Female",15,"mortality",0.00976551964701648,0.010705511254709,0.00907441788754554,"cervical cancer"
705,"Slovenia","Cervical cancer",2023,9,"20-24 years",22,TRUE,2,"Female",7,"remission",0,0,0,"cervical cancer"
705,"Slovenia","Cervical cancer",2023,9,"20-24 years",23,TRUE,2,"Female",5,"prevalence",5.02319804877e-05,3.67234844601e-05,6.66370583607e-05,"cervical cancer"
705,"Slovenia","Cervical cancer",2023,9,"20-24 years",23,TRUE,2,"Female",6,"incidence",5.9998460964e-06,4.5641670446e-06,7.8927494533e-06,"cervical cancer"
705,"Slovenia","Cervical cancer",2023,9,"20-24 years",23,TRUE,2,"Female",15,"mortality",0.00976551964701648,0.010705511254709,0.00907441788754554,"cervical cancer"
705,"Slovenia","Cervical cancer",2023,9,"20-24 years",23,TRUE,2,"Female",7,"remission",0,0,0,"cervical cancer"
705,"Slovenia","Cervical cancer",2023,9,"20-24 years",24,TRUE,2,"Female",5,"prevalence",5.02319804877e-05,3.67234844601e-05,6.66370583607e-05,"cervical cancer"
705,"Slovenia","Cervical cancer",2023,9,"20-24 years",24,TRUE,2,"Female",6,"incidence",5.9998460964e-06,4.5641670446e-06,7.8927494533e-06,"cervical cancer"
705,"Slovenia","Cervical cancer",2023,9,"20-24 years",24,TRUE,2,"Female",15,"mortality",0.00976551964701648,0.010705511254709,0.00907441788754554,"cervical cancer"
705,"Slovenia","Cervical cancer",2023,9,"20-24 years",24,TRUE,2,"Female",7,"remission",0,0,0,"cervical cancer"
705,"Slovenia","Cervical cancer",2023,10,"25-29 years",25,TRUE,2,"Female",5,"prevalence",0.0003542219824363,0.0002602413109873,0.0004630990780366,"cervical cancer"
705,"Slovenia","Cervical cancer",2023,10,"25-29 years",25,TRUE,2,"Female",6,"incidence",4.2352812892e-05,3.20630261344e-05,5.63015212307e-05,"cervical cancer"
705,"Slovenia","Cervical cancer",2023,10,"25-29 years",25,TRUE,2,"Female",15,"mortality",0.00826230059907792,0.00917771671580996,0.00764146123641342,"cervical cancer"
705,"Slovenia","Cervical cancer",2023,10,"25-29 years",25,TRUE,2,"Female",7,"remission",0,0,0,"cervical cancer"
705,"Slovenia","Cervical cancer",2023,10,"25-29 years",26,TRUE,2,"Female",5,"prevalence",0.0003542219824363,0.0002602413109873,0.0004630990780366,"cervical cancer"
705,"Slovenia","Cervical cancer",2023,10,"25-29 years",26,TRUE,2,"Female",6,"incidence",4.2352812892e-05,3.20630261344e-05,5.63015212307e-05,"cervical cancer"
705,"Slovenia","Cervical cancer",2023,10,"25-29 years",26,TRUE,2,"Female",15,"mortality",0.00826230059907792,0.00917771671580996,0.00764146123641342,"cervical cancer"
705,"Slovenia","Cervical cancer",2023,10,"25-29 years",26,TRUE,2,"Female",7,"remission",0,0,0,"cervical cancer"
705,"Slovenia","Cervical cancer",2023,10,"25-29 years",27,TRUE,2,"Female",5,"prevalence",0.0003542219824363,0.0002602413109873,0.0004630990780366,"cervical cancer"
705,"Slovenia","Cervical cancer",2023,10,"25-29 years",27,TRUE,2,"Female",6,"incidence",4.2352812892e-05,3.20630261344e-05,5.63015212307e-05,"cervical cancer"
705,"Slovenia","Cervical cancer",2023,10,"25-29 years",27,TRUE,2,"Female",15,"mortality",0.00826230059907792,0.00917771671580996,0.00764146123641342,"cervical cancer"
705,"Slovenia","Cervical cancer",2023,10,"25-29 years",27,TRUE,2,"Female",7,"remission",0,0,0,"cervical cancer"
705,"Slovenia","Cervical cancer",2023,10,"25-29 years",28,TRUE,2,"Female",5,"prevalence",0.0003542219824363,0.0002602413109873,0.0004630990780366,"cervical cancer"
705,"Slovenia","Cervical cancer",2023,10,"25-29 years",28,TRUE,2,"Female",6,"incidence",4.2352812892e-05,3.20630261344e-05,5.63015212307e-05,"cervical cancer"
705,"Slovenia","Cervical cancer",2023,10,"25-29 years",28,TRUE,2,"Female",15,"mortality",0.00826230059907792,0.00917771671580996,0.00764146123641342,"cervical cancer"
705,"Slovenia","Cervical cancer",2023,10,"25-29 years",28,TRUE,2,"Female",7,"remission",0,0,0,"cervical cancer"
705,"Slovenia","Cervical cancer",2023,10,"25-29 years",29,TRUE,2,"Female",5,"prevalence",0.0003542219824363,0.0002602413109873,0.0004630990780366,"cervical cancer"
705,"Slovenia","Cervical cancer",2023,10,"25-29 years",29,TRUE,2,"Female",6,"incidence",4.2352812892e-05,3.20630261344e-05,5.63015212307e-05,"cervical cancer"
705,"Slovenia","Cervical cancer",2023,10,"25-29 years",29,TRUE,2,"Female",15,"mortality",0.00826230059907792,0.00917771671580996,0.00764146123641342,"cervical cancer"
705,"Slovenia","Cervical cancer",2023,10,"25-29 years",29,TRUE,2,"Female",7,"remission",0,0,0,"cervical cancer"
705,"Slovenia","Cervical cancer",2023,11,"30-34 years",30,TRUE,2,"Female",5,"prevalence",0.0008822504807561,0.0006605882366065,0.0011610359297398,"cervical cancer"
705,"Slovenia","Cervical cancer",2023,11,"30-34 years",30,TRUE,2,"Female",6,"incidence",0.0001074729183732,8.42896296648e-05,0.0001365402665584,"cervical cancer"
705,"Slovenia","Cervical cancer",2023,11,"30-34 years",30,TRUE,2,"Female",15,"mortality",0.0101904343327798,0.0110274921233762,0.00941827394414477,"cervical cancer"
705,"Slovenia","Cervical cancer",2023,11,"30-34 years",30,TRUE,2,"Female",7,"remission",0,0,0,"cervical cancer"
705,"Slovenia","Cervical cancer",2023,11,"30-34 years",31,TRUE,2,"Female",5,"prevalence",0.0008822504807561,0.0006605882366065,0.0011610359297398,"cervical cancer"
705,"Slovenia","Cervical cancer",2023,11,"30-34 years",31,TRUE,2,"Female",6,"incidence",0.0001074729183732,8.42896296648e-05,0.0001365402665584,"cervical cancer"
705,"Slovenia","Cervical cancer",2023,11,"30-34 years",31,TRUE,2,"Female",15,"mortality",0.0101904343327798,0.0110274921233762,0.00941827394414477,"cervical cancer"
705,"Slovenia","Cervical cancer",2023,11,"30-34 years",31,TRUE,2,"Female",7,"remission",0,0,0,"cervical cancer"
705,"Slovenia","Cervical cancer",2023,11,"30-34 years",32,TRUE,2,"Female",5,"prevalence",0.0008822504807561,0.0006605882366065,0.0011610359297398,"cervical cancer"
705,"Slovenia","Cervical cancer",2023,11,"30-34 years",32,TRUE,2,"Female",6,"incidence",0.0001074729183732,8.42896296648e-05,0.0001365402665584,"cervical cancer"
705,"Slovenia","Cervical cancer",2023,11,"30-34 years",32,TRUE,2,"Female",15,"mortality",0.0101904343327798,0.0110274921233762,0.00941827394414477,"cervical cancer"
705,"Slovenia","Cervical cancer",2023,11,"30-34 years",32,TRUE,2,"Female",7,"remission",0,0,0,"cervical cancer"
705,"Slovenia","Cervical cancer",2023,11,"30-34 years",33,TRUE,2,"Female",5,"prevalence",0.0008822504807561,0.0006605882366065,0.0011610359297398,"cervical cancer"
705,"Slovenia","Cervical cancer",2023,11,"30-34 years",33,TRUE,2,"Female",6,"incidence",0.0001074729183732,8.42896296648e-05,0.0001365402665584,"cervical cancer"
705,"Slovenia","Cervical cancer",2023,11,"30-34 years",33,TRUE,2,"Female",15,"mortality",0.0101904343327798,0.0110274921233762,0.00941827394414477,"cervical cancer"
705,"Slovenia","Cervical cancer",2023,11,"30-34 years",33,TRUE,2,"Female",7,"remission",0,0,0,"cervical cancer"
705,"Slovenia","Cervical cancer",2023,11,"30-34 years",34,TRUE,2,"Female",5,"prevalence",0.0008822504807561,0.0006605882366065,0.0011610359297398,"cervical cancer"
705,"Slovenia","Cervical cancer",2023,11,"30-34 years",34,TRUE,2,"Female",6,"incidence",0.0001074729183732,8.42896296648e-05,0.0001365402665584,"cervical cancer"
705,"Slovenia","Cervical cancer",2023,11,"30-34 years",34,TRUE,2,"Female",15,"mortality",0.0101904343327798,0.0110274921233762,0.00941827394414477,"cervical cancer"
705,"Slovenia","Cervical cancer",2023,11,"30-34 years",34,TRUE,2,"Female",7,"remission",0,0,0,"cervical cancer"
705,"Slovenia","Cervical cancer",2023,12,"35-39 years",35,TRUE,2,"Female",5,"prevalence",0.001169504590277,0.0008675898282996,0.0015260082470943,"cervical cancer"
705,"Slovenia","Cervical cancer",2023,12,"35-39 years",35,TRUE,2,"Female",6,"incidence",0.0001440107043154,0.0001123999027717,0.0001806495391553,"cervical cancer"
705,"Slovenia","Cervical cancer",2023,12,"35-39 years",35,TRUE,2,"Female",15,"mortality",0.0144749718238472,0.0158892668518313,0.0134704964647787,"cervical cancer"
705,"Slovenia","Cervical cancer",2023,12,"35-39 years",35,TRUE,2,"Female",7,"remission",0,0,0,"cervical cancer"
705,"Slovenia","Cervical cancer",2023,12,"35-39 years",36,TRUE,2,"Female",5,"prevalence",0.001169504590277,0.0008675898282996,0.0015260082470943,"cervical cancer"
705,"Slovenia","Cervical cancer",2023,12,"35-39 years",36,TRUE,2,"Female",6,"incidence",0.0001440107043154,0.0001123999027717,0.0001806495391553,"cervical cancer"
705,"Slovenia","Cervical cancer",2023,12,"35-39 years",36,TRUE,2,"Female",15,"mortality",0.0144749718238472,0.0158892668518313,0.0134704964647787,"cervical cancer"
705,"Slovenia","Cervical cancer",2023,12,"35-39 years",36,TRUE,2,"Female",7,"remission",0,0,0,"cervical cancer"
705,"Slovenia","Cervical cancer",2023,12,"35-39 years",37,TRUE,2,"Female",5,"prevalence",0.001169504590277,0.0008675898282996,0.0015260082470943,"cervical cancer"
705,"Slovenia","Cervical cancer",2023,12,"35-39 years",37,TRUE,2,"Female",6,"incidence",0.0001440107043154,0.0001123999027717,0.0001806495391553,"cervical cancer"
705,"Slovenia","Cervical cancer",2023,12,"35-39 years",37,TRUE,2,"Female",15,"mortality",0.0144749718238472,0.0158892668518313,0.0134704964647787,"cervical cancer"
705,"Slovenia","Cervical cancer",2023,12,"35-39 years",37,TRUE,2,"Female",7,"remission",0,0,0,"cervical cancer"
705,"Slovenia","Cervical cancer",2023,12,"35-39 years",38,TRUE,2,"Female",5,"prevalence",0.001169504590277,0.0008675898282996,0.0015260082470943,"cervical cancer"
705,"Slovenia","Cervical cancer",2023,12,"35-39 years",38,TRUE,2,"Female",6,"incidence",0.0001440107043154,0.0001123999027717,0.0001806495391553,"cervical cancer"
705,"Slovenia","Cervical cancer",2023,12,"35-39 years",38,TRUE,2,"Female",15,"mortality",0.0144749718238472,0.0158892668518313,0.0134704964647787,"cervical cancer"
705,"Slovenia","Cervical cancer",2023,12,"35-39 years",38,TRUE,2,"Female",7,"remission",0,0,0,"cervical cancer"
705,"Slovenia","Cervical cancer",2023,12,"35-39 years",39,TRUE,2,"Female",5,"prevalence",0.001169504590277,0.0008675898282996,0.0015260082470943,"cervical cancer"
705,"Slovenia","Cervical cancer",2023,12,"35-39 years",39,TRUE,2,"Female",6,"incidence",0.0001440107043154,0.0001123999027717,0.0001806495391553,"cervical cancer"
705,"Slovenia","Cervical cancer",2023,12,"35-39 years",39,TRUE,2,"Female",15,"mortality",0.0144749718238472,0.0158892668518313,0.0134704964647787,"cervical cancer"
705,"Slovenia","Cervical cancer",2023,12,"35-39 years",39,TRUE,2,"Female",7,"remission",0,0,0,"cervical cancer"
705,"Slovenia","Cervical cancer",2023,13,"40-44 years",40,TRUE,2,"Female",5,"prevalence",0.0013158384349199,0.0009728522230046,0.0017058882336663,"cervical cancer"
705,"Slovenia","Cervical cancer",2023,13,"40-44 years",40,TRUE,2,"Female",6,"incidence",0.0001650898694139,0.0001314073898831,0.0002067682398774,"cervical cancer"
705,"Slovenia","Cervical cancer",2023,13,"40-44 years",40,TRUE,2,"Female",15,"mortality",0.0209156824301625,0.0223467567558684,0.0202176794000016,"cervical cancer"
705,"Slovenia","Cervical cancer",2023,13,"40-44 years",40,TRUE,2,"Female",7,"remission",0,0,0,"cervical cancer"
705,"Slovenia","Cervical cancer",2023,13,"40-44 years",41,TRUE,2,"Female",5,"prevalence",0.0013158384349199,0.0009728522230046,0.0017058882336663,"cervical cancer"
705,"Slovenia","Cervical cancer",2023,13,"40-44 years",41,TRUE,2,"Female",6,"incidence",0.0001650898694139,0.0001314073898831,0.0002067682398774,"cervical cancer"
705,"Slovenia","Cervical cancer",2023,13,"40-44 years",41,TRUE,2,"Female",15,"mortality",0.0209156824301625,0.0223467567558684,0.0202176794000016,"cervical cancer"
705,"Slovenia","Cervical cancer",2023,13,"40-44 years",41,TRUE,2,"Female",7,"remission",0,0,0,"cervical cancer"
705,"Slovenia","Cervical cancer",2023,13,"40-44 years",42,TRUE,2,"Female",5,"prevalence",0.0013158384349199,0.0009728522230046,0.0017058882336663,"cervical cancer"
705,"Slovenia","Cervical cancer",2023,13,"40-44 years",42,TRUE,2,"Female",6,"incidence",0.0001650898694139,0.0001314073898831,0.0002067682398774,"cervical cancer"
705,"Slovenia","Cervical cancer",2023,13,"40-44 years",42,TRUE,2,"Female",15,"mortality",0.0209156824301625,0.0223467567558684,0.0202176794000016,"cervical cancer"
705,"Slovenia","Cervical cancer",2023,13,"40-44 years",42,TRUE,2,"Female",7,"remission",0,0,0,"cervical cancer"
705,"Slovenia","Cervical cancer",2023,13,"40-44 years",43,TRUE,2,"Female",5,"prevalence",0.0013158384349199,0.0009728522230046,0.0017058882336663,"cervical cancer"
705,"Slovenia","Cervical cancer",2023,13,"40-44 years",43,TRUE,2,"Female",6,"incidence",0.0001650898694139,0.0001314073898831,0.0002067682398774,"cervical cancer"
705,"Slovenia","Cervical cancer",2023,13,"40-44 years",43,TRUE,2,"Female",15,"mortality",0.0209156824301625,0.0223467567558684,0.0202176794000016,"cervical cancer"
705,"Slovenia","Cervical cancer",2023,13,"40-44 years",43,TRUE,2,"Female",7,"remission",0,0,0,"cervical cancer"
705,"Slovenia","Cervical cancer",2023,13,"40-44 years",44,TRUE,2,"Female",5,"prevalence",0.0013158384349199,0.0009728522230046,0.0017058882336663,"cervical cancer"
705,"Slovenia","Cervical cancer",2023,13,"40-44 years",44,TRUE,2,"Female",6,"incidence",0.0001650898694139,0.0001314073898831,0.0002067682398774,"cervical cancer"
705,"Slovenia","Cervical cancer",2023,13,"40-44 years",44,TRUE,2,"Female",15,"mortality",0.0209156824301625,0.0223467567558684,0.0202176794000016,"cervical cancer"
705,"Slovenia","Cervical cancer",2023,13,"40-44 years",44,TRUE,2,"Female",7,"remission",0,0,0,"cervical cancer"
705,"Slovenia","Cervical cancer",2023,14,"45-49 years",45,TRUE,2,"Female",5,"prevalence",0.0010823456526874,0.0008022798040861,0.0014102872881217,"cervical cancer"
705,"Slovenia","Cervical cancer",2023,14,"45-49 years",45,TRUE,2,"Female",6,"incidence",0.0001428212379009,0.0001142940618814,0.0001832361243902,"cervical cancer"
705,"Slovenia","Cervical cancer",2023,14,"45-49 years",45,TRUE,2,"Female",15,"mortality",0.0305455072954542,0.0339304734278001,0.0291403767330814,"cervical cancer"
705,"Slovenia","Cervical cancer",2023,14,"45-49 years",45,TRUE,2,"Female",7,"remission",0,0,0,"cervical cancer"
705,"Slovenia","Cervical cancer",2023,14,"45-49 years",46,TRUE,2,"Female",5,"prevalence",0.0010823456526874,0.0008022798040861,0.0014102872881217,"cervical cancer"
705,"Slovenia","Cervical cancer",2023,14,"45-49 years",46,TRUE,2,"Female",6,"incidence",0.0001428212379009,0.0001142940618814,0.0001832361243902,"cervical cancer"
705,"Slovenia","Cervical cancer",2023,14,"45-49 years",46,TRUE,2,"Female",15,"mortality",0.0305455072954542,0.0339304734278001,0.0291403767330814,"cervical cancer"
705,"Slovenia","Cervical cancer",2023,14,"45-49 years",46,TRUE,2,"Female",7,"remission",0,0,0,"cervical cancer"
705,"Slovenia","Cervical cancer",2023,14,"45-49 years",47,TRUE,2,"Female",5,"prevalence",0.0010823456526874,0.0008022798040861,0.0014102872881217,"cervical cancer"
705,"Slovenia","Cervical cancer",2023,14,"45-49 years",47,TRUE,2,"Female",6,"incidence",0.0001428212379009,0.0001142940618814,0.0001832361243902,"cervical cancer"
705,"Slovenia","Cervical cancer",2023,14,"45-49 years",47,TRUE,2,"Female",15,"mortality",0.0305455072954542,0.0339304734278001,0.0291403767330814,"cervical cancer"
705,"Slovenia","Cervical cancer",2023,14,"45-49 years",47,TRUE,2,"Female",7,"remission",0,0,0,"cervical cancer"
705,"Slovenia","Cervical cancer",2023,14,"45-49 years",48,TRUE,2,"Female",5,"prevalence",0.0010823456526874,0.0008022798040861,0.0014102872881217,"cervical cancer"
705,"Slovenia","Cervical cancer",2023,14,"45-49 years",48,TRUE,2,"Female",6,"incidence",0.0001428212379009,0.0001142940618814,0.0001832361243902,"cervical cancer"
705,"Slovenia","Cervical cancer",2023,14,"45-49 years",48,TRUE,2,"Female",15,"mortality",0.0305455072954542,0.0339304734278001,0.0291403767330814,"cervical cancer"
705,"Slovenia","Cervical cancer",2023,14,"45-49 years",48,TRUE,2,"Female",7,"remission",0,0,0,"cervical cancer"
705,"Slovenia","Cervical cancer",2023,14,"45-49 years",49,TRUE,2,"Female",5,"prevalence",0.0010823456526874,0.0008022798040861,0.0014102872881217,"cervical cancer"
705,"Slovenia","Cervical cancer",2023,14,"45-49 years",49,TRUE,2,"Female",6,"incidence",0.0001428212379009,0.0001142940618814,0.0001832361243902,"cervical cancer"
705,"Slovenia","Cervical cancer",2023,14,"45-49 years",49,TRUE,2,"Female",15,"mortality",0.0305455072954542,0.0339304734278001,0.0291403767330814,"cervical cancer"
705,"Slovenia","Cervical cancer",2023,14,"45-49 years",49,TRUE,2,"Female",7,"remission",0,0,0,"cervical cancer"
705,"Slovenia","Cervical cancer",2023,15,"50-54 years",50,TRUE,2,"Female",5,"prevalence",0.0009832884292546,0.0007406096382774,0.0012625044358422,"cervical cancer"
705,"Slovenia","Cervical cancer",2023,15,"50-54 years",50,TRUE,2,"Female",6,"incidence",0.0001426243089444,0.0001137158518831,0.0001806531400585,"cervical cancer"
705,"Slovenia","Cervical cancer",2023,15,"50-54 years",50,TRUE,2,"Female",15,"mortality",0.0456653297300671,0.0489363453603473,0.0438627614907847,"cervical cancer"
705,"Slovenia","Cervical cancer",2023,15,"50-54 years",50,TRUE,2,"Female",7,"remission",0,0,0,"cervical cancer"
705,"Slovenia","Cervical cancer",2023,15,"50-54 years",51,TRUE,2,"Female",5,"prevalence",0.0009832884292546,0.0007406096382774,0.0012625044358422,"cervical cancer"
705,"Slovenia","Cervical cancer",2023,15,"50-54 years",51,TRUE,2,"Female",6,"incidence",0.0001426243089444,0.0001137158518831,0.0001806531400585,"cervical cancer"
705,"Slovenia","Cervical cancer",2023,15,"50-54 years",51,TRUE,2,"Female",15,"mortality",0.0456653297300671,0.0489363453603473,0.0438627614907847,"cervical cancer"
705,"Slovenia","Cervical cancer",2023,15,"50-54 years",51,TRUE,2,"Female",7,"remission",0,0,0,"cervical cancer"
705,"Slovenia","Cervical cancer",2023,15,"50-54 years",52,TRUE,2,"Female",5,"prevalence",0.0009832884292546,0.0007406096382774,0.0012625044358422,"cervical cancer"
705,"Slovenia","Cervical cancer",2023,15,"50-54 years",52,TRUE,2,"Female",6,"incidence",0.0001426243089444,0.0001137158518831,0.0001806531400585,"cervical cancer"
705,"Slovenia","Cervical cancer",2023,15,"50-54 years",52,TRUE,2,"Female",15,"mortality",0.0456653297300671,0.0489363453603473,0.0438627614907847,"cervical cancer"
705,"Slovenia","Cervical cancer",2023,15,"50-54 years",52,TRUE,2,"Female",7,"remission",0,0,0,"cervical cancer"
705,"Slovenia","Cervical cancer",2023,15,"50-54 years",53,TRUE,2,"Female",5,"prevalence",0.0009832884292546,0.0007406096382774,0.0012625044358422,"cervical cancer"
705,"Slovenia","Cervical cancer",2023,15,"50-54 years",53,TRUE,2,"Female",6,"incidence",0.0001426243089444,0.0001137158518831,0.0001806531400585,"cervical cancer"
705,"Slovenia","Cervical cancer",2023,15,"50-54 years",53,TRUE,2,"Female",15,"mortality",0.0456653297300671,0.0489363453603473,0.0438627614907847,"cervical cancer"
705,"Slovenia","Cervical cancer",2023,15,"50-54 years",53,TRUE,2,"Female",7,"remission",0,0,0,"cervical cancer"
705,"Slovenia","Cervical cancer",2023,15,"50-54 years",54,TRUE,2,"Female",5,"prevalence",0.0009832884292546,0.0007406096382774,0.0012625044358422,"cervical cancer"
705,"Slovenia","Cervical cancer",2023,15,"50-54 years",54,TRUE,2,"Female",6,"incidence",0.0001426243089444,0.0001137158518831,0.0001806531400585,"cervical cancer"
705,"Slovenia","Cervical cancer",2023,15,"50-54 years",54,TRUE,2,"Female",15,"mortality",0.0456653297300671,0.0489363453603473,0.0438627614907847,"cervical cancer"
705,"Slovenia","Cervical cancer",2023,15,"50-54 years",54,TRUE,2,"Female",7,"remission",0,0,0,"cervical cancer"
705,"Slovenia","Cervical cancer",2023,16,"55-59 years",55,TRUE,2,"Female",5,"prevalence",0.000977209188021,0.0007384195445833,0.0012673174881269,"cervical cancer"
705,"Slovenia","Cervical cancer",2023,16,"55-59 years",55,TRUE,2,"Female",6,"incidence",0.0001557242670185,0.0001241825054689,0.0001906221461834,"cervical cancer"
705,"Slovenia","Cervical cancer",2023,16,"55-59 years",55,TRUE,2,"Female",15,"mortality",0.0599365899822732,0.0645988011036501,0.0559387855523409,"cervical cancer"
705,"Slovenia","Cervical cancer",2023,16,"55-59 years",55,TRUE,2,"Female",7,"remission",0,0,0,"cervical cancer"
705,"Slovenia","Cervical cancer",2023,16,"55-59 years",56,TRUE,2,"Female",5,"prevalence",0.000977209188021,0.0007384195445833,0.0012673174881269,"cervical cancer"
705,"Slovenia","Cervical cancer",2023,16,"55-59 years",56,TRUE,2,"Female",6,"incidence",0.0001557242670185,0.0001241825054689,0.0001906221461834,"cervical cancer"
705,"Slovenia","Cervical cancer",2023,16,"55-59 years",56,TRUE,2,"Female",15,"mortality",0.0599365899822732,0.0645988011036501,0.0559387855523409,"cervical cancer"
705,"Slovenia","Cervical cancer",2023,16,"55-59 years",56,TRUE,2,"Female",7,"remission",0,0,0,"cervical cancer"
705,"Slovenia","Cervical cancer",2023,16,"55-59 years",57,TRUE,2,"Female",5,"prevalence",0.000977209188021,0.0007384195445833,0.0012673174881269,"cervical cancer"
705,"Slovenia","Cervical cancer",2023,16,"55-59 years",57,TRUE,2,"Female",6,"incidence",0.0001557242670185,0.0001241825054689,0.0001906221461834,"cervical cancer"
705,"Slovenia","Cervical cancer",2023,16,"55-59 years",57,TRUE,2,"Female",15,"mortality",0.0599365899822732,0.0645988011036501,0.0559387855523409,"cervical cancer"
705,"Slovenia","Cervical cancer",2023,16,"55-59 years",57,TRUE,2,"Female",7,"remission",0,0,0,"cervical cancer"
705,"Slovenia","Cervical cancer",2023,16,"55-59 years",58,TRUE,2,"Female",5,"prevalence",0.000977209188021,0.0007384195445833,0.0012673174881269,"cervical cancer"
705,"Slovenia","Cervical cancer",2023,16,"55-59 years",58,TRUE,2,"Female",6,"incidence",0.0001557242670185,0.0001241825054689,0.0001906221461834,"cervical cancer"
705,"Slovenia","Cervical cancer",2023,16,"55-59 years",58,TRUE,2,"Female",15,"mortality",0.0599365899822732,0.0645988011036501,0.0559387855523409,"cervical cancer"
705,"Slovenia","Cervical cancer",2023,16,"55-59 years",58,TRUE,2,"Female",7,"remission",0,0,0,"cervical cancer"
705,"Slovenia","Cervical cancer",2023,16,"55-59 years",59,TRUE,2,"Female",5,"prevalence",0.000977209188021,0.0007384195445833,0.0012673174881269,"cervical cancer"
705,"Slovenia","Cervical cancer",2023,16,"55-59 years",59,TRUE,2,"Female",6,"incidence",0.0001557242670185,0.0001241825054689,0.0001906221461834,"cervical cancer"
705,"Slovenia","Cervical cancer",2023,16,"55-59 years",59,TRUE,2,"Female",15,"mortality",0.0599365899822732,0.0645988011036501,0.0559387855523409,"cervical cancer"
705,"Slovenia","Cervical cancer",2023,16,"55-59 years",59,TRUE,2,"Female",7,"remission",0,0,0,"cervical cancer"
705,"Slovenia","Cervical cancer",2023,17,"60-64 years",60,TRUE,2,"Female",5,"prevalence",0.0009394820221642,0.0006773695688563,0.0012389491636665,"cervical cancer"
705,"Slovenia","Cervical cancer",2023,17,"60-64 years",60,TRUE,2,"Female",6,"incidence",0.0001678151900768,0.0001328635448402,0.000209777314366,"cervical cancer"
705,"Slovenia","Cervical cancer",2023,17,"60-64 years",60,TRUE,2,"Female",15,"mortality",0.0775194604688042,0.0851138401364925,0.0739787169739912,"cervical cancer"
705,"Slovenia","Cervical cancer",2023,17,"60-64 years",60,TRUE,2,"Female",7,"remission",0,0,0,"cervical cancer"
705,"Slovenia","Cervical cancer",2023,17,"60-64 years",61,TRUE,2,"Female",5,"prevalence",0.0009394820221642,0.0006773695688563,0.0012389491636665,"cervical cancer"
705,"Slovenia","Cervical cancer",2023,17,"60-64 years",61,TRUE,2,"Female",6,"incidence",0.0001678151900768,0.0001328635448402,0.000209777314366,"cervical cancer"
705,"Slovenia","Cervical cancer",2023,17,"60-64 years",61,TRUE,2,"Female",15,"mortality",0.0775194604688042,0.0851138401364925,0.0739787169739912,"cervical cancer"
705,"Slovenia","Cervical cancer",2023,17,"60-64 years",61,TRUE,2,"Female",7,"remission",0,0,0,"cervical cancer"
705,"Slovenia","Cervical cancer",2023,17,"60-64 years",62,TRUE,2,"Female",5,"prevalence",0.0009394820221642,0.0006773695688563,0.0012389491636665,"cervical cancer"
705,"Slovenia","Cervical cancer",2023,17,"60-64 years",62,TRUE,2,"Female",6,"incidence",0.0001678151900768,0.0001328635448402,0.000209777314366,"cervical cancer"
705,"Slovenia","Cervical cancer",2023,17,"60-64 years",62,TRUE,2,"Female",15,"mortality",0.0775194604688042,0.0851138401364925,0.0739787169739912,"cervical cancer"
705,"Slovenia","Cervical cancer",2023,17,"60-64 years",62,TRUE,2,"Female",7,"remission",0,0,0,"cervical cancer"
705,"Slovenia","Cervical cancer",2023,17,"60-64 years",63,TRUE,2,"Female",5,"prevalence",0.0009394820221642,0.0006773695688563,0.0012389491636665,"cervical cancer"
705,"Slovenia","Cervical cancer",2023,17,"60-64 years",63,TRUE,2,"Female",6,"incidence",0.0001678151900768,0.0001328635448402,0.000209777314366,"cervical cancer"
705,"Slovenia","Cervical cancer",2023,17,"60-64 years",63,TRUE,2,"Female",15,"mortality",0.0775194604688042,0.0851138401364925,0.0739787169739912,"cervical cancer"
705,"Slovenia","Cervical cancer",2023,17,"60-64 years",63,TRUE,2,"Female",7,"remission",0,0,0,"cervical cancer"
705,"Slovenia","Cervical cancer",2023,17,"60-64 years",64,TRUE,2,"Female",5,"prevalence",0.0009394820221642,0.0006773695688563,0.0012389491636665,"cervical cancer"
705,"Slovenia","Cervical cancer",2023,17,"60-64 years",64,TRUE,2,"Female",6,"incidence",0.0001678151900768,0.0001328635448402,0.000209777314366,"cervical cancer"
705,"Slovenia","Cervical cancer",2023,17,"60-64 years",64,TRUE,2,"Female",15,"mortality",0.0775194604688042,0.0851138401364925,0.0739787169739912,"cervical cancer"
705,"Slovenia","Cervical cancer",2023,17,"60-64 years",64,TRUE,2,"Female",7,"remission",0,0,0,"cervical cancer"
705,"Slovenia","Cervical cancer",2023,18,"65-69 years",65,TRUE,2,"Female",5,"prevalence",0.0007987459943618,0.0005813751970843,0.0010544778600828,"cervical cancer"
705,"Slovenia","Cervical cancer",2023,18,"65-69 years",65,TRUE,2,"Female",6,"incidence",0.0001730444449138,0.0001356389741164,0.0002203598395635,"cervical cancer"
705,"Slovenia","Cervical cancer",2023,18,"65-69 years",65,TRUE,2,"Female",15,"mortality",0.114342855795465,0.123630022160402,0.106844510507612,"cervical cancer"
705,"Slovenia","Cervical cancer",2023,18,"65-69 years",65,TRUE,2,"Female",7,"remission",0,0,0,"cervical cancer"
705,"Slovenia","Cervical cancer",2023,18,"65-69 years",66,TRUE,2,"Female",5,"prevalence",0.0007987459943618,0.0005813751970843,0.0010544778600828,"cervical cancer"
705,"Slovenia","Cervical cancer",2023,18,"65-69 years",66,TRUE,2,"Female",6,"incidence",0.0001730444449138,0.0001356389741164,0.0002203598395635,"cervical cancer"
705,"Slovenia","Cervical cancer",2023,18,"65-69 years",66,TRUE,2,"Female",15,"mortality",0.114342855795465,0.123630022160402,0.106844510507612,"cervical cancer"
705,"Slovenia","Cervical cancer",2023,18,"65-69 years",66,TRUE,2,"Female",7,"remission",0,0,0,"cervical cancer"
705,"Slovenia","Cervical cancer",2023,18,"65-69 years",67,TRUE,2,"Female",5,"prevalence",0.0007987459943618,0.0005813751970843,0.0010544778600828,"cervical cancer"
705,"Slovenia","Cervical cancer",2023,18,"65-69 years",67,TRUE,2,"Female",6,"incidence",0.0001730444449138,0.0001356389741164,0.0002203598395635,"cervical cancer"
705,"Slovenia","Cervical cancer",2023,18,"65-69 years",67,TRUE,2,"Female",15,"mortality",0.114342855795465,0.123630022160402,0.106844510507612,"cervical cancer"
705,"Slovenia","Cervical cancer",2023,18,"65-69 years",67,TRUE,2,"Female",7,"remission",0,0,0,"cervical cancer"
705,"Slovenia","Cervical cancer",2023,18,"65-69 years",68,TRUE,2,"Female",5,"prevalence",0.0007987459943618,0.0005813751970843,0.0010544778600828,"cervical cancer"
705,"Slovenia","Cervical cancer",2023,18,"65-69 years",68,TRUE,2,"Female",6,"incidence",0.0001730444449138,0.0001356389741164,0.0002203598395635,"cervical cancer"
705,"Slovenia","Cervical cancer",2023,18,"65-69 years",68,TRUE,2,"Female",15,"mortality",0.114342855795465,0.123630022160402,0.106844510507612,"cervical cancer"
705,"Slovenia","Cervical cancer",2023,18,"65-69 years",68,TRUE,2,"Female",7,"remission",0,0,0,"cervical cancer"
705,"Slovenia","Cervical cancer",2023,18,"65-69 years",69,TRUE,2,"Female",5,"prevalence",0.0007987459943618,0.0005813751970843,0.0010544778600828,"cervical cancer"
705,"Slovenia","Cervical cancer",2023,18,"65-69 years",69,TRUE,2,"Female",6,"incidence",0.0001730444449138,0.0001356389741164,0.0002203598395635,"cervical cancer"
705,"Slovenia","Cervical cancer",2023,18,"65-69 years",69,TRUE,2,"Female",15,"mortality",0.114342855795465,0.123630022160402,0.106844510507612,"cervical cancer"
705,"Slovenia","Cervical cancer",2023,18,"65-69 years",69,TRUE,2,"Female",7,"remission",0,0,0,"cervical cancer"
705,"Slovenia","Cervical cancer",2023,19,"70-74 years",70,TRUE,2,"Female",5,"prevalence",0.0005249060643141,0.0003870916270626,0.0006897938136584,"cervical cancer"
705,"Slovenia","Cervical cancer",2023,19,"70-74 years",70,TRUE,2,"Female",6,"incidence",0.0001581707122488,0.0001264795680159,0.0001948985063726,"cervical cancer"
705,"Slovenia","Cervical cancer",2023,19,"70-74 years",70,TRUE,2,"Female",15,"mortality",0.201536021347079,0.220447353304908,0.185182930442479,"cervical cancer"
705,"Slovenia","Cervical cancer",2023,19,"70-74 years",70,TRUE,2,"Female",7,"remission",0,0,0,"cervical cancer"
705,"Slovenia","Cervical cancer",2023,19,"70-74 years",71,TRUE,2,"Female",5,"prevalence",0.0005249060643141,0.0003870916270626,0.0006897938136584,"cervical cancer"
705,"Slovenia","Cervical cancer",2023,19,"70-74 years",71,TRUE,2,"Female",6,"incidence",0.0001581707122488,0.0001264795680159,0.0001948985063726,"cervical cancer"
705,"Slovenia","Cervical cancer",2023,19,"70-74 years",71,TRUE,2,"Female",15,"mortality",0.201536021347079,0.220447353304908,0.185182930442479,"cervical cancer"
705,"Slovenia","Cervical cancer",2023,19,"70-74 years",71,TRUE,2,"Female",7,"remission",0,0,0,"cervical cancer"
705,"Slovenia","Cervical cancer",2023,19,"70-74 years",72,TRUE,2,"Female",5,"prevalence",0.0005249060643141,0.0003870916270626,0.0006897938136584,"cervical cancer"
705,"Slovenia","Cervical cancer",2023,19,"70-74 years",72,TRUE,2,"Female",6,"incidence",0.0001581707122488,0.0001264795680159,0.0001948985063726,"cervical cancer"
705,"Slovenia","Cervical cancer",2023,19,"70-74 years",72,TRUE,2,"Female",15,"mortality",0.201536021347079,0.220447353304908,0.185182930442479,"cervical cancer"
705,"Slovenia","Cervical cancer",2023,19,"70-74 years",72,TRUE,2,"Female",7,"remission",0,0,0,"cervical cancer"
705,"Slovenia","Cervical cancer",2023,19,"70-74 years",73,TRUE,2,"Female",5,"prevalence",0.0005249060643141,0.0003870916270626,0.0006897938136584,"cervical cancer"
705,"Slovenia","Cervical cancer",2023,19,"70-74 years",73,TRUE,2,"Female",6,"incidence",0.0001581707122488,0.0001264795680159,0.0001948985063726,"cervical cancer"
705,"Slovenia","Cervical cancer",2023,19,"70-74 years",73,TRUE,2,"Female",15,"mortality",0.201536021347079,0.220447353304908,0.185182930442479,"cervical cancer"
705,"Slovenia","Cervical cancer",2023,19,"70-74 years",73,TRUE,2,"Female",7,"remission",0,0,0,"cervical cancer"
705,"Slovenia","Cervical cancer",2023,19,"70-74 years",74,TRUE,2,"Female",5,"prevalence",0.0005249060643141,0.0003870916270626,0.0006897938136584,"cervical cancer"
705,"Slovenia","Cervical cancer",2023,19,"70-74 years",74,TRUE,2,"Female",6,"incidence",0.0001581707122488,0.0001264795680159,0.0001948985063726,"cervical cancer"
705,"Slovenia","Cervical cancer",2023,19,"70-74 years",74,TRUE,2,"Female",15,"mortality",0.201536021347079,0.220447353304908,0.185182930442479,"cervical cancer"
705,"Slovenia","Cervical cancer",2023,19,"70-74 years",74,TRUE,2,"Female",7,"remission",0,0,0,"cervical cancer"
705,"Slovenia","Cervical cancer",2023,20,"75-79 years",75,TRUE,2,"Female",5,"prevalence",0.0004456798796595,0.0003218836060219,0.0005937485549789,"cervical cancer"
705,"Slovenia","Cervical cancer",2023,20,"75-79 years",75,TRUE,2,"Female",6,"incidence",0.0001797133535714,0.000146864020933,0.0002206552273028,"cervical cancer"
705,"Slovenia","Cervical cancer",2023,20,"75-79 years",75,TRUE,2,"Female",15,"mortality",0.312146982771467,0.357804819014923,0.286486058527149,"cervical cancer"
705,"Slovenia","Cervical cancer",2023,20,"75-79 years",75,TRUE,2,"Female",7,"remission",0,0,0,"cervical cancer"
705,"Slovenia","Cervical cancer",2023,20,"75-79 years",76,TRUE,2,"Female",5,"prevalence",0.0004456798796595,0.0003218836060219,0.0005937485549789,"cervical cancer"
705,"Slovenia","Cervical cancer",2023,20,"75-79 years",76,TRUE,2,"Female",6,"incidence",0.0001797133535714,0.000146864020933,0.0002206552273028,"cervical cancer"
705,"Slovenia","Cervical cancer",2023,20,"75-79 years",76,TRUE,2,"Female",15,"mortality",0.312146982771467,0.357804819014923,0.286486058527149,"cervical cancer"
705,"Slovenia","Cervical cancer",2023,20,"75-79 years",76,TRUE,2,"Female",7,"remission",0,0,0,"cervical cancer"
705,"Slovenia","Cervical cancer",2023,20,"75-79 years",77,TRUE,2,"Female",5,"prevalence",0.0004456798796595,0.0003218836060219,0.0005937485549789,"cervical cancer"
705,"Slovenia","Cervical cancer",2023,20,"75-79 years",77,TRUE,2,"Female",6,"incidence",0.0001797133535714,0.000146864020933,0.0002206552273028,"cervical cancer"
705,"Slovenia","Cervical cancer",2023,20,"75-79 years",77,TRUE,2,"Female",15,"mortality",0.312146982771467,0.357804819014923,0.286486058527149,"cervical cancer"
705,"Slovenia","Cervical cancer",2023,20,"75-79 years",77,TRUE,2,"Female",7,"remission",0,0,0,"cervical cancer"
705,"Slovenia","Cervical cancer",2023,20,"75-79 years",78,TRUE,2,"Female",5,"prevalence",0.0004456798796595,0.0003218836060219,0.0005937485549789,"cervical cancer"
705,"Slovenia","Cervical cancer",2023,20,"75-79 years",78,TRUE,2,"Female",6,"incidence",0.0001797133535714,0.000146864020933,0.0002206552273028,"cervical cancer"
705,"Slovenia","Cervical cancer",2023,20,"75-79 years",78,TRUE,2,"Female",15,"mortality",0.312146982771467,0.357804819014923,0.286486058527149,"cervical cancer"
705,"Slovenia","Cervical cancer",2023,20,"75-79 years",78,TRUE,2,"Female",7,"remission",0,0,0,"cervical cancer"
705,"Slovenia","Cervical cancer",2023,20,"75-79 years",79,TRUE,2,"Female",5,"prevalence",0.0004456798796595,0.0003218836060219,0.0005937485549789,"cervical cancer"
705,"Slovenia","Cervical cancer",2023,20,"75-79 years",79,TRUE,2,"Female",6,"incidence",0.0001797133535714,0.000146864020933,0.0002206552273028,"cervical cancer"
705,"Slovenia","Cervical cancer",2023,20,"75-79 years",79,TRUE,2,"Female",15,"mortality",0.312146982771467,0.357804819014923,0.286486058527149,"cervical cancer"
705,"Slovenia","Cervical cancer",2023,20,"75-79 years",79,TRUE,2,"Female",7,"remission",0,0,0,"cervical cancer"
705,"Slovenia","Cervical cancer",2023,30,"80-84 years",80,TRUE,2,"Female",5,"prevalence",0.0002001259995213,0.00014621968425,0.0002537779368453,"cervical cancer"
705,"Slovenia","Cervical cancer",2023,30,"80-84 years",80,TRUE,2,"Female",6,"incidence",0.0001519683496355,0.0001173916320846,0.0001884447151804,"cervical cancer"
705,"Slovenia","Cervical cancer",2023,30,"80-84 years",80,TRUE,2,"Female",15,"mortality",0.761601431551975,0.806258566532513,0.732488035992289,"cervical cancer"
705,"Slovenia","Cervical cancer",2023,30,"80-84 years",80,TRUE,2,"Female",7,"remission",0,0,0,"cervical cancer"
705,"Slovenia","Cervical cancer",2023,30,"80-84 years",81,TRUE,2,"Female",5,"prevalence",0.0002001259995213,0.00014621968425,0.0002537779368453,"cervical cancer"
705,"Slovenia","Cervical cancer",2023,30,"80-84 years",81,TRUE,2,"Female",6,"incidence",0.0001519683496355,0.0001173916320846,0.0001884447151804,"cervical cancer"
705,"Slovenia","Cervical cancer",2023,30,"80-84 years",81,TRUE,2,"Female",15,"mortality",0.761601431551975,0.806258566532513,0.732488035992289,"cervical cancer"
705,"Slovenia","Cervical cancer",2023,30,"80-84 years",81,TRUE,2,"Female",7,"remission",0,0,0,"cervical cancer"
705,"Slovenia","Cervical cancer",2023,30,"80-84 years",82,TRUE,2,"Female",5,"prevalence",0.0002001259995213,0.00014621968425,0.0002537779368453,"cervical cancer"
705,"Slovenia","Cervical cancer",2023,30,"80-84 years",82,TRUE,2,"Female",6,"incidence",0.0001519683496355,0.0001173916320846,0.0001884447151804,"cervical cancer"
705,"Slovenia","Cervical cancer",2023,30,"80-84 years",82,TRUE,2,"Female",15,"mortality",0.761601431551975,0.806258566532513,0.732488035992289,"cervical cancer"
705,"Slovenia","Cervical cancer",2023,30,"80-84 years",82,TRUE,2,"Female",7,"remission",0,0,0,"cervical cancer"
705,"Slovenia","Cervical cancer",2023,30,"80-84 years",83,TRUE,2,"Female",5,"prevalence",0.0002001259995213,0.00014621968425,0.0002537779368453,"cervical cancer"
705,"Slovenia","Cervical cancer",2023,30,"80-84 years",83,TRUE,2,"Female",6,"incidence",0.0001519683496355,0.0001173916320846,0.0001884447151804,"cervical cancer"
705,"Slovenia","Cervical cancer",2023,30,"80-84 years",83,TRUE,2,"Female",15,"mortality",0.761601431551975,0.806258566532513,0.732488035992289,"cervical cancer"
705,"Slovenia","Cervical cancer",2023,30,"80-84 years",83,TRUE,2,"Female",7,"remission",0,0,0,"cervical cancer"
705,"Slovenia","Cervical cancer",2023,30,"80-84 years",84,TRUE,2,"Female",5,"prevalence",0.0002001259995213,0.00014621968425,0.0002537779368453,"cervical cancer"
705,"Slovenia","Cervical cancer",2023,30,"80-84 years",84,TRUE,2,"Female",6,"incidence",0.0001519683496355,0.0001173916320846,0.0001884447151804,"cervical cancer"
705,"Slovenia","Cervical cancer",2023,30,"80-84 years",84,TRUE,2,"Female",15,"mortality",0.761601431551975,0.806258566532513,0.732488035992289,"cervical cancer"
705,"Slovenia","Cervical cancer",2023,30,"80-84 years",84,TRUE,2,"Female",7,"remission",0,0,0,"cervical cancer"
705,"Slovenia","Cervical cancer",2023,31,"85-89 years",85,TRUE,2,"Female",5,"prevalence",0.0002344611890834,0.000167710973429,0.0003047968242447,"cervical cancer"
705,"Slovenia","Cervical cancer",2023,31,"85-89 years",85,TRUE,2,"Female",6,"incidence",0.0002047818961714,0.0001592319595986,0.0002576766164016,"cervical cancer"
705,"Slovenia","Cervical cancer",2023,31,"85-89 years",85,TRUE,2,"Female",15,"mortality",0.906663012852207,0.973039828189576,0.864556682437614,"cervical cancer"
705,"Slovenia","Cervical cancer",2023,31,"85-89 years",85,TRUE,2,"Female",7,"remission",0,0,0,"cervical cancer"
705,"Slovenia","Cervical cancer",2023,31,"85-89 years",86,TRUE,2,"Female",5,"prevalence",0.0002344611890834,0.000167710973429,0.0003047968242447,"cervical cancer"
705,"Slovenia","Cervical cancer",2023,31,"85-89 years",86,TRUE,2,"Female",6,"incidence",0.0002047818961714,0.0001592319595986,0.0002576766164016,"cervical cancer"
705,"Slovenia","Cervical cancer",2023,31,"85-89 years",86,TRUE,2,"Female",15,"mortality",0.906663012852207,0.973039828189576,0.864556682437614,"cervical cancer"
705,"Slovenia","Cervical cancer",2023,31,"85-89 years",86,TRUE,2,"Female",7,"remission",0,0,0,"cervical cancer"
705,"Slovenia","Cervical cancer",2023,31,"85-89 years",87,TRUE,2,"Female",5,"prevalence",0.0002344611890834,0.000167710973429,0.0003047968242447,"cervical cancer"
705,"Slovenia","Cervical cancer",2023,31,"85-89 years",87,TRUE,2,"Female",6,"incidence",0.0002047818961714,0.0001592319595986,0.0002576766164016,"cervical cancer"
705,"Slovenia","Cervical cancer",2023,31,"85-89 years",87,TRUE,2,"Female",15,"mortality",0.906663012852207,0.973039828189576,0.864556682437614,"cervical cancer"
705,"Slovenia","Cervical cancer",2023,31,"85-89 years",87,TRUE,2,"Female",7,"remission",0,0,0,"cervical cancer"
705,"Slovenia","Cervical cancer",2023,31,"85-89 years",88,TRUE,2,"Female",5,"prevalence",0.0002344611890834,0.000167710973429,0.0003047968242447,"cervical cancer"
705,"Slovenia","Cervical cancer",2023,31,"85-89 years",88,TRUE,2,"Female",6,"incidence",0.0002047818961714,0.0001592319595986,0.0002576766164016,"cervical cancer"
705,"Slovenia","Cervical cancer",2023,31,"85-89 years",88,TRUE,2,"Female",15,"mortality",0.906663012852207,0.973039828189576,0.864556682437614,"cervical cancer"
705,"Slovenia","Cervical cancer",2023,31,"85-89 years",88,TRUE,2,"Female",7,"remission",0,0,0,"cervical cancer"
705,"Slovenia","Cervical cancer",2023,31,"85-89 years",89,TRUE,2,"Female",5,"prevalence",0.0002344611890834,0.000167710973429,0.0003047968242447,"cervical cancer"
705,"Slovenia","Cervical cancer",2023,31,"85-89 years",89,TRUE,2,"Female",6,"incidence",0.0002047818961714,0.0001592319595986,0.0002576766164016,"cervical cancer"
705,"Slovenia","Cervical cancer",2023,31,"85-89 years",89,TRUE,2,"Female",15,"mortality",0.906663012852207,0.973039828189576,0.864556682437614,"cervical cancer"
705,"Slovenia","Cervical cancer",2023,31,"85-89 years",89,TRUE,2,"Female",7,"remission",0,0,0,"cervical cancer"
705,"Slovenia","Cervical cancer",2023,32,"90-94 years",90,TRUE,2,"Female",5,"prevalence",0.0001715787340826,0.0001216026971724,0.0002179063886813,"cervical cancer"
705,"Slovenia","Cervical cancer",2023,32,"90-94 years",90,TRUE,2,"Female",6,"incidence",0.0002313247006443,0.0001739854994896,0.0002825015906021,"cervical cancer"
705,"Slovenia","Cervical cancer",2023,32,"90-94 years",90,TRUE,2,"Female",15,"mortality",1.64655919426954,1.75842191607224,1.59519588253817,"cervical cancer"
705,"Slovenia","Cervical cancer",2023,32,"90-94 years",90,TRUE,2,"Female",7,"remission",0,0,0,"cervical cancer"
705,"Slovenia","Cervical cancer",2023,32,"90-94 years",91,TRUE,2,"Female",5,"prevalence",0.0001715787340826,0.0001216026971724,0.0002179063886813,"cervical cancer"
705,"Slovenia","Cervical cancer",2023,32,"90-94 years",91,TRUE,2,"Female",6,"incidence",0.0002313247006443,0.0001739854994896,0.0002825015906021,"cervical cancer"
705,"Slovenia","Cervical cancer",2023,32,"90-94 years",91,TRUE,2,"Female",15,"mortality",1.64655919426954,1.75842191607224,1.59519588253817,"cervical cancer"
705,"Slovenia","Cervical cancer",2023,32,"90-94 years",91,TRUE,2,"Female",7,"remission",0,0,0,"cervical cancer"
705,"Slovenia","Cervical cancer",2023,32,"90-94 years",92,TRUE,2,"Female",5,"prevalence",0.0001715787340826,0.0001216026971724,0.0002179063886813,"cervical cancer"
705,"Slovenia","Cervical cancer",2023,32,"90-94 years",92,TRUE,2,"Female",6,"incidence",0.0002313247006443,0.0001739854994896,0.0002825015906021,"cervical cancer"
705,"Slovenia","Cervical cancer",2023,32,"90-94 years",92,TRUE,2,"Female",15,"mortality",1.64655919426954,1.75842191607224,1.59519588253817,"cervical cancer"
705,"Slovenia","Cervical cancer",2023,32,"90-94 years",92,TRUE,2,"Female",7,"remission",0,0,0,"cervical cancer"
705,"Slovenia","Cervical cancer",2023,32,"90-94 years",93,TRUE,2,"Female",5,"prevalence",0.0001715787340826,0.0001216026971724,0.0002179063886813,"cervical cancer"
705,"Slovenia","Cervical cancer",2023,32,"90-94 years",93,TRUE,2,"Female",6,"incidence",0.0002313247006443,0.0001739854994896,0.0002825015906021,"cervical cancer"
705,"Slovenia","Cervical cancer",2023,32,"90-94 years",93,TRUE,2,"Female",15,"mortality",1.64655919426954,1.75842191607224,1.59519588253817,"cervical cancer"
705,"Slovenia","Cervical cancer",2023,32,"90-94 years",93,TRUE,2,"Female",7,"remission",0,0,0,"cervical cancer"
705,"Slovenia","Cervical cancer",2023,32,"90-94 years",94,TRUE,2,"Female",5,"prevalence",0.0001715787340826,0.0001216026971724,0.0002179063886813,"cervical cancer"
705,"Slovenia","Cervical cancer",2023,32,"90-94 years",94,TRUE,2,"Female",6,"incidence",0.0002313247006443,0.0001739854994896,0.0002825015906021,"cervical cancer"
705,"Slovenia","Cervical cancer",2023,32,"90-94 years",94,TRUE,2,"Female",15,"mortality",1.64655919426954,1.75842191607224,1.59519588253817,"cervical cancer"
705,"Slovenia","Cervical cancer",2023,32,"90-94 years",94,TRUE,2,"Female",7,"remission",0,0,0,"cervical cancer"
705,"Slovenia","Cervical cancer",2023,235,"95+ years",95,TRUE,2,"Female",5,"prevalence",0.0001025433730859,7.50148741312e-05,0.0001281111805977,"cervical cancer"
705,"Slovenia","Cervical cancer",2023,235,"95+ years",95,TRUE,2,"Female",6,"incidence",0.0001819369750902,0.0001346690145923,0.0002258113799221,"cervical cancer"
705,"Slovenia","Cervical cancer",2023,235,"95+ years",95,TRUE,2,"Female",15,"mortality",2.71455666269131,2.77201542041974,2.69804865154157,"cervical cancer"
705,"Slovenia","Cervical cancer",2023,235,"95+ years",95,TRUE,2,"Female",7,"remission",0,0,0,"cervical cancer"
705,"Slovenia","Cervical cancer",2023,235,"95+ years",96,TRUE,2,"Female",5,"prevalence",0.0001025433730859,7.50148741312e-05,0.0001281111805977,"cervical cancer"
705,"Slovenia","Cervical cancer",2023,235,"95+ years",96,TRUE,2,"Female",6,"incidence",0.0001819369750902,0.0001346690145923,0.0002258113799221,"cervical cancer"
705,"Slovenia","Cervical cancer",2023,235,"95+ years",96,TRUE,2,"Female",15,"mortality",2.71455666269131,2.77201542041974,2.69804865154157,"cervical cancer"
705,"Slovenia","Cervical cancer",2023,235,"95+ years",96,TRUE,2,"Female",7,"remission",0,0,0,"cervical cancer"
705,"Slovenia","Cervical cancer",2023,235,"95+ years",97,TRUE,2,"Female",5,"prevalence",0.0001025433730859,7.50148741312e-05,0.0001281111805977,"cervical cancer"
705,"Slovenia","Cervical cancer",2023,235,"95+ years",97,TRUE,2,"Female",6,"incidence",0.0001819369750902,0.0001346690145923,0.0002258113799221,"cervical cancer"
705,"Slovenia","Cervical cancer",2023,235,"95+ years",97,TRUE,2,"Female",15,"mortality",2.71455666269131,2.77201542041974,2.69804865154157,"cervical cancer"
705,"Slovenia","Cervical cancer",2023,235,"95+ years",97,TRUE,2,"Female",7,"remission",0,0,0,"cervical cancer"
705,"Slovenia","Cervical cancer",2023,235,"95+ years",98,TRUE,2,"Female",5,"prevalence",0.0001025433730859,7.50148741312e-05,0.0001281111805977,"cervical cancer"
705,"Slovenia","Cervical cancer",2023,235,"95+ years",98,TRUE,2,"Female",6,"incidence",0.0001819369750902,0.0001346690145923,0.0002258113799221,"cervical cancer"
705,"Slovenia","Cervical cancer",2023,235,"95+ years",98,TRUE,2,"Female",15,"mortality",2.71455666269131,2.77201542041974,2.69804865154157,"cervical cancer"
705,"Slovenia","Cervical cancer",2023,235,"95+ years",98,TRUE,2,"Female",7,"remission",0,0,0,"cervical cancer"
705,"Slovenia","Cervical cancer",2023,235,"95+ years",99,TRUE,2,"Female",5,"prevalence",0.0001025433730859,7.50148741312e-05,0.0001281111805977,"cervical cancer"
705,"Slovenia","Cervical cancer",2023,235,"95+ years",99,TRUE,2,"Female",6,"incidence",0.0001819369750902,0.0001346690145923,0.0002258113799221,"cervical cancer"
705,"Slovenia","Cervical cancer",2023,235,"95+ years",99,TRUE,2,"Female",15,"mortality",2.71455666269131,2.77201542041974,2.69804865154157,"cervical cancer"
705,"Slovenia","Cervical cancer",2023,235,"95+ years",99,TRUE,2,"Female",7,"remission",0,0,0,"cervical cancer"
705,"Slovenia","Cervical cancer",2023,235,"95+ years",100,TRUE,2,"Female",5,"prevalence",0.0001025433730859,7.50148741312e-05,0.0001281111805977,"cervical cancer"
705,"Slovenia","Cervical cancer",2023,235,"95+ years",100,TRUE,2,"Female",6,"incidence",0.0001819369750902,0.0001346690145923,0.0002258113799221,"cervical cancer"
705,"Slovenia","Cervical cancer",2023,235,"95+ years",100,TRUE,2,"Female",15,"mortality",2.71455666269131,2.77201542041974,2.69804865154157,"cervical cancer"
705,"Slovenia","Cervical cancer",2023,235,"95+ years",100,TRUE,2,"Female",7,"remission",0,0,0,"cervical cancer"
705,"Slovenia","Cervical cancer",2023,235,"95+ years",101,TRUE,2,"Female",5,"prevalence",0.0001025433730859,7.50148741312e-05,0.0001281111805977,"cervical cancer"
705,"Slovenia","Cervical cancer",2023,235,"95+ years",101,TRUE,2,"Female",6,"incidence",0.0001819369750902,0.0001346690145923,0.0002258113799221,"cervical cancer"
705,"Slovenia","Cervical cancer",2023,235,"95+ years",101,TRUE,2,"Female",15,"mortality",2.71455666269131,2.77201542041974,2.69804865154157,"cervical cancer"
705,"Slovenia","Cervical cancer",2023,235,"95+ years",101,TRUE,2,"Female",7,"remission",0,0,0,"cervical cancer"
705,"Slovenia","Cervical cancer",2023,235,"95+ years",102,TRUE,2,"Female",5,"prevalence",0.0001025433730859,7.50148741312e-05,0.0001281111805977,"cervical cancer"
705,"Slovenia","Cervical cancer",2023,235,"95+ years",102,TRUE,2,"Female",6,"incidence",0.0001819369750902,0.0001346690145923,0.0002258113799221,"cervical cancer"
705,"Slovenia","Cervical cancer",2023,235,"95+ years",102,TRUE,2,"Female",15,"mortality",2.71455666269131,2.77201542041974,2.69804865154157,"cervical cancer"
705,"Slovenia","Cervical cancer",2023,235,"95+ years",102,TRUE,2,"Female",7,"remission",0,0,0,"cervical cancer"
705,"Slovenia","Cervical cancer",2023,235,"95+ years",103,TRUE,2,"Female",5,"prevalence",0.0001025433730859,7.50148741312e-05,0.0001281111805977,"cervical cancer"
705,"Slovenia","Cervical cancer",2023,235,"95+ years",103,TRUE,2,"Female",6,"incidence",0.0001819369750902,0.0001346690145923,0.0002258113799221,"cervical cancer"
705,"Slovenia","Cervical cancer",2023,235,"95+ years",103,TRUE,2,"Female",15,"mortality",2.71455666269131,2.77201542041974,2.69804865154157,"cervical cancer"
705,"Slovenia","Cervical cancer",2023,235,"95+ years",103,TRUE,2,"Female",7,"remission",0,0,0,"cervical cancer"
705,"Slovenia","Cervical cancer",2023,235,"95+ years",104,TRUE,2,"Female",5,"prevalence",0.0001025433730859,7.50148741312e-05,0.0001281111805977,"cervical cancer"
705,"Slovenia","Cervical cancer",2023,235,"95+ years",104,TRUE,2,"Female",6,"incidence",0.0001819369750902,0.0001346690145923,0.0002258113799221,"cervical cancer"
705,"Slovenia","Cervical cancer",2023,235,"95+ years",104,TRUE,2,"Female",15,"mortality",2.71455666269131,2.77201542041974,2.69804865154157,"cervical cancer"
705,"Slovenia","Cervical cancer",2023,235,"95+ years",104,TRUE,2,"Female",7,"remission",0,0,0,"cervical cancer"
705,"Slovenia","Cervical cancer",2023,235,"95+ years",105,TRUE,2,"Female",5,"prevalence",0.0001025433730859,7.50148741312e-05,0.0001281111805977,"cervical cancer"
705,"Slovenia","Cervical cancer",2023,235,"95+ years",105,TRUE,2,"Female",6,"incidence",0.0001819369750902,0.0001346690145923,0.0002258113799221,"cervical cancer"
705,"Slovenia","Cervical cancer",2023,235,"95+ years",105,TRUE,2,"Female",15,"mortality",2.71455666269131,2.77201542041974,2.69804865154157,"cervical cancer"
705,"Slovenia","Cervical cancer",2023,235,"95+ years",105,TRUE,2,"Female",7,"remission",0,0,0,"cervical cancer"
705,"Slovenia","Cervical cancer",2023,235,"95+ years",106,TRUE,2,"Female",5,"prevalence",0.0001025433730859,7.50148741312e-05,0.0001281111805977,"cervical cancer"
705,"Slovenia","Cervical cancer",2023,235,"95+ years",106,TRUE,2,"Female",6,"incidence",0.0001819369750902,0.0001346690145923,0.0002258113799221,"cervical cancer"
705,"Slovenia","Cervical cancer",2023,235,"95+ years",106,TRUE,2,"Female",15,"mortality",2.71455666269131,2.77201542041974,2.69804865154157,"cervical cancer"
705,"Slovenia","Cervical cancer",2023,235,"95+ years",106,TRUE,2,"Female",7,"remission",0,0,0,"cervical cancer"
705,"Slovenia","Cervical cancer",2023,235,"95+ years",107,TRUE,2,"Female",5,"prevalence",0.0001025433730859,7.50148741312e-05,0.0001281111805977,"cervical cancer"
705,"Slovenia","Cervical cancer",2023,235,"95+ years",107,TRUE,2,"Female",6,"incidence",0.0001819369750902,0.0001346690145923,0.0002258113799221,"cervical cancer"
705,"Slovenia","Cervical cancer",2023,235,"95+ years",107,TRUE,2,"Female",15,"mortality",2.71455666269131,2.77201542041974,2.69804865154157,"cervical cancer"
705,"Slovenia","Cervical cancer",2023,235,"95+ years",107,TRUE,2,"Female",7,"remission",0,0,0,"cervical cancer"
705,"Slovenia","Cervical cancer",2023,235,"95+ years",108,TRUE,2,"Female",5,"prevalence",0.0001025433730859,7.50148741312e-05,0.0001281111805977,"cervical cancer"
705,"Slovenia","Cervical cancer",2023,235,"95+ years",108,TRUE,2,"Female",6,"incidence",0.0001819369750902,0.0001346690145923,0.0002258113799221,"cervical cancer"
705,"Slovenia","Cervical cancer",2023,235,"95+ years",108,TRUE,2,"Female",15,"mortality",2.71455666269131,2.77201542041974,2.69804865154157,"cervical cancer"
705,"Slovenia","Cervical cancer",2023,235,"95+ years",108,TRUE,2,"Female",7,"remission",0,0,0,"cervical cancer"
705,"Slovenia","Cervical cancer",2023,235,"95+ years",109,TRUE,2,"Female",5,"prevalence",0.0001025433730859,7.50148741312e-05,0.0001281111805977,"cervical cancer"
705,"Slovenia","Cervical cancer",2023,235,"95+ years",109,TRUE,2,"Female",6,"incidence",0.0001819369750902,0.0001346690145923,0.0002258113799221,"cervical cancer"
705,"Slovenia","Cervical cancer",2023,235,"95+ years",109,TRUE,2,"Female",15,"mortality",2.71455666269131,2.77201542041974,2.69804865154157,"cervical cancer"
705,"Slovenia","Cervical cancer",2023,235,"95+ years",109,TRUE,2,"Female",7,"remission",0,0,0,"cervical cancer"
705,"Slovenia","Cervical cancer",2023,235,"95+ years",110,TRUE,2,"Female",5,"prevalence",0.0001025433730859,7.50148741312e-05,0.0001281111805977,"cervical cancer"
705,"Slovenia","Cervical cancer",2023,235,"95+ years",110,TRUE,2,"Female",6,"incidence",0.0001819369750902,0.0001346690145923,0.0002258113799221,"cervical cancer"
705,"Slovenia","Cervical cancer",2023,235,"95+ years",110,TRUE,2,"Female",15,"mortality",2.71455666269131,2.77201542041974,2.69804865154157,"cervical cancer"
705,"Slovenia","Cervical cancer",2023,235,"95+ years",110,TRUE,2,"Female",7,"remission",0,0,0,"cervical cancer"
705,"Slovenia","Cervical cancer",2023,5,"1 to 4",0,TRUE,2,"Female",5,"prevalence",0,0,0,"cervical cancer"
705,"Slovenia","Cervical cancer",2023,5,"1 to 4",0,TRUE,2,"Female",6,"incidence",0,0,0,"cervical cancer"
705,"Slovenia","Cervical cancer",2023,5,"1 to 4",0,TRUE,2,"Female",15,"mortality",0,0,0,"cervical cancer"
705,"Slovenia","Cervical cancer",2023,5,"1 to 4",0,TRUE,2,"Female",7,"remission",0,0,0,"cervical cancer"
705,"Slovenia","Cervical cancer",2023,5,"1 to 4",2,TRUE,2,"Female",5,"prevalence",0,0,0,"cervical cancer"
705,"Slovenia","Cervical cancer",2023,5,"1 to 4",2,TRUE,2,"Female",6,"incidence",0,0,0,"cervical cancer"
705,"Slovenia","Cervical cancer",2023,5,"1 to 4",2,TRUE,2,"Female",15,"mortality",0,0,0,"cervical cancer"
705,"Slovenia","Cervical cancer",2023,5,"1 to 4",2,TRUE,2,"Female",7,"remission",0,0,0,"cervical cancer"
705,"Slovenia","Cervical cancer",2023,5,"1 to 4",3,TRUE,2,"Female",5,"prevalence",0,0,0,"cervical cancer"
705,"Slovenia","Cervical cancer",2023,5,"1 to 4",3,TRUE,2,"Female",6,"incidence",0,0,0,"cervical cancer"
705,"Slovenia","Cervical cancer",2023,5,"1 to 4",3,TRUE,2,"Female",15,"mortality",0,0,0,"cervical cancer"
705,"Slovenia","Cervical cancer",2023,5,"1 to 4",3,TRUE,2,"Female",7,"remission",0,0,0,"cervical cancer"
705,"Slovenia","Cervical cancer",2023,5,"1 to 4",4,TRUE,2,"Female",5,"prevalence",0,0,0,"cervical cancer"
705,"Slovenia","Cervical cancer",2023,5,"1 to 4",4,TRUE,2,"Female",6,"incidence",0,0,0,"cervical cancer"
705,"Slovenia","Cervical cancer",2023,5,"1 to 4",4,TRUE,2,"Female",15,"mortality",0,0,0,"cervical cancer"
705,"Slovenia","Cervical cancer",2023,5,"1 to 4",4,TRUE,2,"Female",7,"remission",0,0,0,"cervical cancer"
705,"Slovenia","Cervical cancer",2023,5,"1 to 4",1,TRUE,2,"Female",5,"prevalence",0,0,0,"cervical cancer"
705,"Slovenia","Cervical cancer",2023,5,"1 to 4",1,TRUE,2,"Female",6,"incidence",0,0,0,"cervical cancer"
705,"Slovenia","Cervical cancer",2023,5,"1 to 4",1,TRUE,2,"Female",15,"mortality",0,0,0,"cervical cancer"
705,"Slovenia","Cervical cancer",2023,5,"1 to 4",1,TRUE,2,"Female",7,"remission",0,0,0,"cervical cancer"
