"country","sex","age_group","age_mean","year_mean","years_post_int","outcome","mean","se","l","u"
"India","Male","35-39",37.5,2.5,"0-4 years","COPD",0.0203798376253866,0.000616526368373911,0.0189869615143964,0.0213333686355322
"India","Male","35-39",37.5,7.5,"5-9 years","COPD",0.0556015135214351,0.0016820447658897,0.0518013841316685,0.0582029948643322
"India","Male","35-39",37.5,12.5,"10-14 years","COPD",0.0719939916114201,0.00217794641001654,0.06707350534977,0.075362443549434
"India","Male","35-39",37.5,17.5,"15-19 years","COPD",0.0779750309145227,0.00235888349638714,0.0726457657942125,0.0816233234750793
"India","Male","35-39",37.5,22.5,"20-24 years","COPD",0.0832915102950582,0.00251971646204991,0.0775988861892724,0.0871885500756529
"India","Male","35-39",37.5,27.5,"25-29 years","COPD",0.084620630140192,0.0025599247034656,0.0788371662880373,0.0885798567257963
"India","Male","40-44",42.5,2.5,"0-4 years","COPD",0.000771092512741729,9.85983535973803e-05,0.000576158082549469,0.000959174227371296
"India","Male","40-44",42.5,7.5,"5-9 years","COPD",0.00210374152932798,0.000269002029923288,0.00157190955130344,0.00261687751163257
"India","Male","40-44",42.5,12.5,"10-14 years","COPD",0.00272396811566372,0.000348309401295094,0.00203534105248454,0.00338838721625731
"India","Male","40-44",42.5,17.5,"15-19 years","COPD",0.0029502670052727,0.000377245874633456,0.0022044309245371,0.00366988400037715
"India","Male","40-44",42.5,22.5,"20-24 years","COPD",0.00315142157381403,0.000402967184267556,0.00235473303302826,0.00392010336403923
"India","Male","40-44",42.5,27.5,"25-29 years","COPD",0.00320171021594936,0.00040939751167608,0.00239230856015106,0.00398265820495475
"India","Male","45-49",47.5,2.5,"0-4 years","COPD",0.0106536851482954,0.000854504729184304,0.00883900779983345,0.0121871230946269
"India","Male","45-49",47.5,7.5,"5-9 years","COPD",0.0290660323067624,0.00233131181549196,0.0241151191060675,0.0332496510516451
"India","Male","45-49",47.5,12.5,"10-14 years","COPD",0.0376353007956087,0.00301863083679238,0.0312247558146292,0.0430523370190624
"India","Male","45-49",47.5,17.5,"15-19 years","COPD",0.0407619257847823,0.00326940939861821,0.0338188124515368,0.0466289927098768
"India","Male","45-49",47.5,22.5,"20-24 years","COPD",0.0435411479973812,0.00349232367579672,0.0361246405732325,0.0498082422128229
"India","Male","45-49",47.5,27.5,"25-29 years","COPD",0.0442359535505309,0.00354805224509135,0.0367010976036565,0.0506030545885594
"India","Male","50-54",52.5,2.5,"0-4 years","COPD",0.0100639351420487,0.000846638112834972,0.00835636211986165,0.0115976473909581
"India","Male","50-54",52.5,7.5,"5-9 years","COPD",0.0274570404418936,0.0023098496339302,0.0227983357835356,0.0316414075557662
"India","Male","50-54",52.5,12.5,"10-14 years","COPD",0.0355519447952805,0.00299084115947137,0.0295197574886416,0.0409699500224064
"India","Male","50-54",52.5,17.5,"15-19 years","COPD",0.0385054909782731,0.00323931104041207,0.031972168110775,0.0443736074088833
"India","Male","50-54",52.5,22.5,"20-24 years","COPD",0.0411308653631555,0.0034601731568038,0.0341520886637823,0.0473990806413071
"India","Male","50-54",52.5,27.5,"25-29 years","COPD",0.0417872089593759,0.00351538868590174,0.0346970688020342,0.0481554489494131
"India","Male","55-59",57.5,2.5,"0-4 years","COPD",0.0108196384814654,0.000796307425194763,0.00919790560014068,0.012313917278599
"India","Male","55-59",57.5,7.5,"5-9 years","COPD",0.0295187962918242,0.0021725343883031,0.0250942859308186,0.0335955786622646
"India","Male","55-59",57.5,12.5,"10-14 years","COPD",0.0382215489834376,0.00281304253465541,0.0324926013048448,0.0435002512559203
"India","Male","55-59",57.5,17.5,"15-19 years","COPD",0.0413968776682156,0.00304674145291909,0.0351919866440165,0.0471141182833352
"India","Male","55-59",57.5,22.5,"20-24 years","COPD",0.0442193920546848,0.00325447382470902,0.0375914402788359,0.0503264445299262
"India","Male","55-59",57.5,27.5,"25-29 years","COPD",0.0449250206513021,0.00330640691765651,0.0381913036875407,0.051129526091574
"India","Male","60-64",62.5,2.5,"0-4 years","COPD",0.00972669118683819,0.000786916660523035,0.00804150803208096,0.0111251824670528
"India","Male","60-64",62.5,7.5,"5-9 years","COPD",0.0265369509553955,0.00214691393251393,0.0219393316962209,0.0303523999916331
"India","Male","60-64",62.5,12.5,"10-14 years","COPD",0.0343605938665479,0.00277986863771725,0.028407501200286,0.0393009163238277
"India","Male","60-64",62.5,17.5,"15-19 years","COPD",0.0372151662800765,0.00301081157069683,0.0307675089923098,0.0425659155261149
"India","Male","60-64",62.5,22.5,"20-24 years","COPD",0.0397525639809909,0.0032160941777898,0.0328652936963309,0.0454681370392591
"India","Male","60-64",62.5,27.5,"25-29 years","COPD",0.0403869134062195,0.00326741482956304,0.0333897398723362,0.0461936924175452
"India","Male","65-69",67.5,2.5,"0-4 years","COPD",0.00925252610273332,0.00078968002277345,0.00755838159685871,0.0106470603148646
"India","Male","65-69",67.5,7.5,"5-9 years","COPD",0.0252433049107182,0.00215445310561018,0.0206212367479515,0.029047958032946
"India","Male","65-69",67.5,12.5,"10-14 years","COPD",0.0326855541672645,0.0027896305152323,0.0267008045541205,0.0376118978514241
"India","Male","65-69",67.5,17.5,"15-19 years","COPD",0.035400969436545,0.0030213844349593,0.0289190252401551,0.040736578596004
"India","Male","65-69",67.5,22.5,"20-24 years","COPD",0.0378146718981276,0.00322738791916106,0.0308907769610748,0.0435140725911861
"India","Male","65-69",67.5,27.5,"25-29 years","COPD",0.0384180975135233,0.00327888879021151,0.0313837148913047,0.0442084460899816
"India","Male","70-74",72.5,2.5,"0-4 years","COPD",0.0074921058988945,0.000713730388862972,0.00598623850460516,0.00879071005047471
"India","Male","70-74",72.5,7.5,"5-9 years","COPD",0.0204404193545927,0.00194724269135441,0.0163320202679988,0.0239833502464038
"India","Male","70-74",72.5,12.5,"10-14 years","COPD",0.0264666784471817,0.00252133017804855,0.021147038195616,0.031054138765264
"India","Male","70-74",72.5,17.5,"15-19 years","COPD",0.0286654486566399,0.00273079453130181,0.022903869061098,0.0336340210626859
"India","Male","70-74",72.5,22.5,"20-24 years","COPD",0.0306199110650472,0.00291698506752693,0.0244654964970819,0.0359272497715054
"India","Male","70-74",72.5,27.5,"25-29 years","COPD",0.031108526667149,0.00296353270158321,0.0248559033560779,0.0365005569487103
"India","Male","75-79",77.5,2.5,"0-4 years","COPD",0.00453347718791736,0.000500332590303259,0.00351589721604215,0.00547516284478149
"India","Male","75-79",77.5,7.5,"5-9 years","COPD",0.0123685084148615,0.00136503782789258,0.00959228479594107,0.0149376725439147
"India","Male","75-79",77.5,12.5,"10-14 years","COPD",0.0160150009355776,0.00176747925922347,0.0124202890784097,0.0193416078755867
"India","Male","75-79",77.5,17.5,"15-19 years","COPD",0.0173454779363794,0.00191431599768203,0.0134521284787699,0.0209484491452508
"India","Male","75-79",77.5,22.5,"20-24 years","COPD",0.0185281241593144,0.00204483754297853,0.0143693190568679,0.0223767524960634
"India","Male","75-79",77.5,27.5,"25-29 years","COPD",0.0188237857150481,0.00207746792930266,0.0145986167013924,0.0227338283337665
"India","Male","80+",84.91,2.5,"0-4 years","COPD",0.0031982167201661,0.000370779052552973,0.00246362594995402,0.00387921679993247
"India","Male","80+",84.91,7.5,"5-9 years","COPD",0.00872556953001839,0.00101158198033474,0.00672141427650501,0.0105835153998157
"India","Male","80+",84.91,12.5,"10-14 years","COPD",0.0112980481962389,0.00130981730521431,0.00870302645364194,0.0137037549997614
"India","Male","80+",84.91,17.5,"15-19 years","COPD",0.0122366552771573,0.00141863289672442,0.00942604711286758,0.0148422207997416
"India","Male","80+",84.91,22.5,"20-24 years","COPD",0.013070972682418,0.00151535786695563,0.0100687321432904,0.0158541903997239
"India","Male","80+",84.91,27.5,"25-29 years","COPD",0.0132795520337332,0.00153953910951343,0.0102294034008961,0.0161071827997196
"India","Male","35-39",37.5,2.5,"0-4 years","diabetes",0.00367485156833469,0.00140374102529219,0.000721007888779069,0.00622869444837884
"India","Male","35-39",37.5,7.5,"5-9 years","diabetes",0.00630489239665267,0.00240837921006013,0.00123702333859154,0.010686485573199
"India","Male","35-39",37.5,12.5,"10-14 years","diabetes",0.0072055913104602,0.00275243338292586,0.00141374095839033,0.0122131263693703
"India","Male","35-39",37.5,17.5,"15-19 years","diabetes",0.0072055913104602,0.00275243338292586,0.00141374095839033,0.0122131263693703
"India","Male","35-39",37.5,22.5,"20-24 years","diabetes",0.0072055913104602,0.00275243338292586,0.00141374095839033,0.0122131263693703
"India","Male","35-39",37.5,27.5,"25-29 years","diabetes",0.0072055913104602,0.00275243338292586,0.00141374095839033,0.0122131263693703
"India","Male","40-44",42.5,2.5,"0-4 years","diabetes",3.55714556752191e-05,1.56956807006433e-05,5.07044370992472e-06,6.6866281886212e-05
"India","Male","40-44",42.5,7.5,"5-9 years","diabetes",6.10294582663073e-05,2.69288639471821e-05,8.69929067879242e-06,0.000114721562059677
"India","Male","40-44",42.5,12.5,"10-14 years","diabetes",6.97479523043513e-05,3.07758445110652e-05,9.94204649004849e-06,0.000131110356639631
"India","Male","40-44",42.5,17.5,"15-19 years","diabetes",6.97479523043513e-05,3.07758445110652e-05,9.94204649004849e-06,0.000131110356639631
"India","Male","40-44",42.5,22.5,"20-24 years","diabetes",6.97479523043513e-05,3.07758445110652e-05,9.94204649004849e-06,0.000131110356639631
"India","Male","40-44",42.5,27.5,"25-29 years","diabetes",6.97479523043513e-05,3.07758445110652e-05,9.94204649004849e-06,0.000131110356639631
"India","Male","45-49",47.5,2.5,"0-4 years","diabetes",0.000797652062288302,0.000332537908267517,0.000123647019745389,0.00142675427965983
"India","Male","45-49",47.5,7.5,"5-9 years","diabetes",0.00136852069510248,0.00057053072496878,0.000212139494661207,0.00244786273471049
"India","Male","45-49",47.5,12.5,"10-14 years","diabetes",0.00156402365154569,0.000652035114250034,0.000242445136755665,0.0027975574110977
"India","Male","45-49",47.5,17.5,"15-19 years","diabetes",0.00156402365154569,0.000652035114250034,0.000242445136755665,0.0027975574110977
"India","Male","45-49",47.5,22.5,"20-24 years","diabetes",0.00156402365154569,0.000652035114250034,0.000242445136755665,0.0027975574110977
"India","Male","45-49",47.5,27.5,"25-29 years","diabetes",0.00156402365154569,0.000652035114250034,0.000242445136755665,0.0027975574110977
"India","Male","50-54",52.5,2.5,"0-4 years","diabetes",0.000720401165249965,0.000302182629539145,9.14669971343206e-05,0.00129782508672403
"India","Male","50-54",52.5,7.5,"5-9 years","diabetes",0.00123598239136023,0.000518450589895592,0.000156928671553981,0.00222666068800691
"India","Male","50-54",52.5,12.5,"10-14 years","diabetes",0.00141255130441169,0.000592514959880677,0.00017934705320455,0.00254475507200789
"India","Male","50-54",52.5,17.5,"15-19 years","diabetes",0.00141255130441169,0.000592514959880677,0.00017934705320455,0.00254475507200789
"India","Male","50-54",52.5,22.5,"20-24 years","diabetes",0.00141255130441169,0.000592514959880677,0.00017934705320455,0.00254475507200789
"India","Male","50-54",52.5,27.5,"25-29 years","diabetes",0.00141255130441169,0.000592514959880677,0.00017934705320455,0.00254475507200789
"India","Male","55-59",57.5,2.5,"0-4 years","diabetes",0.000827978349001441,0.000343666735618071,0.000132827352852379,0.00149611559377451
"India","Male","55-59",57.5,7.5,"5-9 years","diabetes",0.00142055108897306,0.000589624301305514,0.000227890066168297,0.00256686498931901
"India","Male","55-59",57.5,12.5,"10-14 years","diabetes",0.00162348695882636,0.000673856344349158,0.000260445789906625,0.00293355998779315
"India","Male","55-59",57.5,17.5,"15-19 years","diabetes",0.00162348695882636,0.000673856344349158,0.000260445789906625,0.00293355998779315
"India","Male","55-59",57.5,22.5,"20-24 years","diabetes",0.00162348695882636,0.000673856344349158,0.000260445789906625,0.00293355998779315
"India","Male","55-59",57.5,27.5,"25-29 years","diabetes",0.00162348695882636,0.000673856344349158,0.000260445789906625,0.00293355998779315
"India","Male","60-64",62.5,2.5,"0-4 years","diabetes",0.000676403025288619,0.000285479528886164,8.49157767083614e-05,0.00125365251006916
"India","Male","60-64",62.5,7.5,"5-9 years","diabetes",0.00116049538652459,0.000489793309363517,0.000145688832587875,0.00215087440453042
"India","Male","60-64",62.5,12.5,"10-14 years","diabetes",0.00132628044174239,0.000559763782129733,0.000166501522957571,0.00245814217660619
"India","Male","60-64",62.5,17.5,"15-19 years","diabetes",0.00132628044174239,0.000559763782129733,0.000166501522957571,0.00245814217660619
"India","Male","60-64",62.5,22.5,"20-24 years","diabetes",0.00132628044174239,0.000559763782129733,0.000166501522957571,0.00245814217660619
"India","Male","60-64",62.5,27.5,"25-29 years","diabetes",0.00132628044174239,0.000559763782129733,0.000166501522957571,0.00245814217660619
"India","Male","65-69",67.5,2.5,"0-4 years","diabetes",0.000638446358043341,0.000268513752785788,0.000133278844137728,0.00114705474475738
"India","Male","65-69",67.5,7.5,"5-9 years","diabetes",0.00109537365350573,0.000460685360171695,0.000228664683569632,0.00196798608169158
"India","Male","65-69",67.5,12.5,"10-14 years","diabetes",0.00125185560400655,0.000526497554481937,0.000261331066936722,0.00224912695050467
"India","Male","65-69",67.5,17.5,"15-19 years","diabetes",0.00125185560400655,0.000526497554481937,0.000261331066936722,0.00224912695050467
"India","Male","65-69",67.5,22.5,"20-24 years","diabetes",0.00125185560400655,0.000526497554481937,0.000261331066936722,0.00224912695050467
"India","Male","65-69",67.5,27.5,"25-29 years","diabetes",0.00125185560400655,0.000526497554481937,0.000261331066936722,0.00224912695050467
"India","Male","70-74",72.5,2.5,"0-4 years","diabetes",0.000466340650206232,0.000202409050561836,6.65017645928215e-05,0.00084937032366715
"India","Male","70-74",72.5,7.5,"5-9 years","diabetes",0.000800094252804811,0.000347270429885504,0.000114096164742586,0.00145725300629168
"India","Male","70-74",72.5,12.5,"10-14 years","diabetes",0.000914393431776927,0.000396880491297719,0.00013039561684867,0.00166543200719049
"India","Male","70-74",72.5,17.5,"15-19 years","diabetes",0.000914393431776927,0.000396880491297719,0.00013039561684867,0.00166543200719049
"India","Male","70-74",72.5,22.5,"20-24 years","diabetes",0.000914393431776927,0.000396880491297719,0.00013039561684867,0.00166543200719049
"India","Male","70-74",72.5,27.5,"25-29 years","diabetes",0.000914393431776927,0.000396880491297719,0.00013039561684867,0.00166543200719049
"India","Male","75-79",77.5,2.5,"0-4 years","diabetes",0.000240507897953956,0.000107992312997497,1.89348791892575e-05,0.000454902128823229
"India","Male","75-79",77.5,7.5,"5-9 years","diabetes",0.000412636099430807,0.000185280929162373,3.24863123345104e-05,0.000780469338667306
"India","Male","75-79",77.5,12.5,"10-14 years","diabetes",0.000471584113635209,0.000211749633328426,3.71272140965834e-05,0.000891964958476921
"India","Male","75-79",77.5,17.5,"15-19 years","diabetes",0.000471584113635209,0.000211749633328426,3.71272140965834e-05,0.000891964958476921
"India","Male","75-79",77.5,22.5,"20-24 years","diabetes",0.000471584113635209,0.000211749633328426,3.71272140965834e-05,0.000891964958476921
"India","Male","75-79",77.5,27.5,"25-29 years","diabetes",0.000471584113635209,0.000211749633328426,3.71272140965834e-05,0.000891964958476921
"India","Male","80+",84.91,2.5,"0-4 years","diabetes",0.000163595889918067,7.1205366014486e-05,2.15020898126716e-05,0.000297155089869923
"India","Male","80+",84.91,7.5,"5-9 years","diabetes",0.000280679222898644,0.000122166069142501,3.68908403648779e-05,0.000509824909090555
"India","Male","80+",84.91,12.5,"10-14 years","diabetes",0.000320776254741307,0.000139618364734286,4.21609604170032e-05,0.000582657038960634
"India","Male","80+",84.91,17.5,"15-19 years","diabetes",0.000320776254741307,0.000139618364734286,4.21609604170032e-05,0.000582657038960634
"India","Male","80+",84.91,22.5,"20-24 years","diabetes",0.000320776254741307,0.000139618364734286,4.21609604170032e-05,0.000582657038960634
"India","Male","80+",84.91,27.5,"25-29 years","diabetes",0.000320776254741307,0.000139618364734286,4.21609604170032e-05,0.000582657038960634
"India","Male","35-39",37.5,2.5,"0-4 years","IHD",0.0123953399645083,0.00379276684510441,0.00156454515304502,0.0175734266292953
"India","Male","35-39",37.5,7.5,"5-9 years","IHD",0.0212665146449897,0.00650719801856149,0.00268426864493019,0.030150486863987
"India","Male","35-39",37.5,12.5,"10-14 years","IHD",0.0243045881657025,0.00743679773549885,0.00306773559420593,0.034457699273128
"India","Male","35-39",37.5,17.5,"15-19 years","IHD",0.0243045881657025,0.00743679773549885,0.00306773559420593,0.034457699273128
"India","Male","35-39",37.5,22.5,"20-24 years","IHD",0.0243045881657025,0.00743679773549885,0.00306773559420593,0.034457699273128
"India","Male","35-39",37.5,27.5,"25-29 years","IHD",0.0243045881657025,0.00743679773549885,0.00306773559420593,0.034457699273128
"India","Male","40-44",42.5,2.5,"0-4 years","IHD",0.000173056719593703,8.56951082614479e-05,0,0.000333529701297594
"India","Male","40-44",42.5,7.5,"5-9 years","IHD",0.000296911038518608,0.000147025921036798,0,0.000572232330657637
"India","Male","40-44",42.5,12.5,"10-14 years","IHD",0.000339326901164124,0.000168029624042055,0,0.000653979806465871
"India","Male","40-44",42.5,17.5,"15-19 years","IHD",0.000339326901164124,0.000168029624042055,0,0.000653979806465871
"India","Male","40-44",42.5,22.5,"20-24 years","IHD",0.000339326901164124,0.000168029624042055,0,0.000653979806465871
"India","Male","40-44",42.5,27.5,"25-29 years","IHD",0.000339326901164124,0.000168029624042055,0,0.000653979806465871
"India","Male","45-49",47.5,2.5,"0-4 years","IHD",0.00302607269840277,0.00149766996020406,0,0.00578171023514145
"India","Male","45-49",47.5,7.5,"5-9 years","IHD",0.00519179139431847,0.00256953179446774,0,0.00991960089362504
"India","Male","45-49",47.5,12.5,"10-14 years","IHD",0.00593347587922111,0.00293660776510599,0,0.0113366867355715
"India","Male","45-49",47.5,17.5,"15-19 years","IHD",0.00593347587922111,0.00293660776510599,0,0.0113366867355715
"India","Male","45-49",47.5,22.5,"20-24 years","IHD",0.00593347587922111,0.00293660776510599,0,0.0113366867355715
"India","Male","45-49",47.5,27.5,"25-29 years","IHD",0.00593347587922111,0.00293660776510599,0,0.0113366867355715
"India","Male","50-54",52.5,2.5,"0-4 years","IHD",0.00244995002199168,0.00144548215177153,0,0.00521693522979357
"India","Male","50-54",52.5,7.5,"5-9 years","IHD",0.00420334562596611,0.00247999388784331,0,0.00895062416876347
"India","Male","50-54",52.5,12.5,"10-14 years","IHD",0.0048038235725327,0.00283427872896379,0,0.0102292847643011
"India","Male","50-54",52.5,17.5,"15-19 years","IHD",0.0048038235725327,0.00283427872896379,0,0.0102292847643011
"India","Male","50-54",52.5,22.5,"20-24 years","IHD",0.0048038235725327,0.00283427872896379,0,0.0102292847643011
"India","Male","50-54",52.5,27.5,"25-29 years","IHD",0.0048038235725327,0.00283427872896379,0,0.0102292847643011
"India","Male","55-59",57.5,2.5,"0-4 years","IHD",0.00235431006303796,0.0015394736095379,0,0.00520993195983648
"India","Male","55-59",57.5,7.5,"5-9 years","IHD",0.00403925746109454,0.00264125374185425,0,0.00893860875462141
"India","Male","55-59",57.5,12.5,"10-14 years","IHD",0.0046162942412509,0.00301857570497628,0,0.0102155528624245
"India","Male","55-59",57.5,17.5,"15-19 years","IHD",0.0046162942412509,0.00301857570497628,0,0.0102155528624245
"India","Male","55-59",57.5,22.5,"20-24 years","IHD",0.0046162942412509,0.00301857570497628,0,0.0102155528624245
"India","Male","55-59",57.5,27.5,"25-29 years","IHD",0.0046162942412509,0.00301857570497628,0,0.0102155528624245
"India","Male","60-64",62.5,2.5,"0-4 years","IHD",0.00175094618825328,0.0013160440057649,0,0.00449798197882499
"India","Male","60-64",62.5,7.5,"5-9 years","IHD",0.00300407434259141,0.00225791863734174,0,0.00771712594406249
"India","Male","60-64",62.5,12.5,"10-14 years","IHD",0.00343322782010447,0.00258047844267627,0,0.00881957250749998
"India","Male","60-64",62.5,17.5,"15-19 years","IHD",0.00343322782010447,0.00258047844267627,0,0.00881957250749998
"India","Male","60-64",62.5,22.5,"20-24 years","IHD",0.00343322782010447,0.00258047844267627,0,0.00881957250749998
"India","Male","60-64",62.5,27.5,"25-29 years","IHD",0.00343322782010447,0.00258047844267627,0,0.00881957250749998
"India","Male","65-69",67.5,2.5,"0-4 years","IHD",0.00139153714635899,0.00118280233642706,0,0.00386522743202913
"India","Male","65-69",67.5,7.5,"5-9 years","IHD",0.00238744118247866,0.00202931773406603,0,0.00663151765299117
"India","Male","65-69",67.5,12.5,"10-14 years","IHD",0.00272850420854704,0.00231922026750402,0,0.00757887731770419
"India","Male","65-69",67.5,17.5,"15-19 years","IHD",0.00272850420854704,0.00231922026750402,0,0.00757887731770419
"India","Male","65-69",67.5,22.5,"20-24 years","IHD",0.00272850420854704,0.00231922026750402,0,0.00757887731770419
"India","Male","65-69",67.5,27.5,"25-29 years","IHD",0.00272850420854704,0.00231922026750402,0,0.00757887731770419
"India","Male","70-74",72.5,2.5,"0-4 years","IHD",0.000936980908877578,0.000838960856969382,0,0.00276204459980852
"India","Male","70-74",72.5,7.5,"5-9 years","IHD",0.00160756528483898,0.00143939362715335,0,0.0047388020094754
"India","Male","70-74",72.5,12.5,"10-14 years","IHD",0.00183721746838741,0.00164502128817526,0,0.00541577372511474
"India","Male","70-74",72.5,17.5,"15-19 years","IHD",0.00183721746838741,0.00164502128817526,0,0.00541577372511474
"India","Male","70-74",72.5,22.5,"20-24 years","IHD",0.00183721746838741,0.00164502128817526,0,0.00541577372511474
"India","Male","70-74",72.5,27.5,"25-29 years","IHD",0.00183721746838741,0.00164502128817526,0,0.00541577372511474
"India","Male","75-79",77.5,2.5,"0-4 years","IHD",0.000453397530213716,0.000462121240878999,0,0.00153935100016514
"India","Male","75-79",77.5,7.5,"5-9 years","IHD",0.000777887919484317,0.000792855070135538,0,0.00264104338263626
"India","Male","75-79",77.5,12.5,"10-14 years","IHD",0.000889014765124933,0.000906120080154901,0,0.00301833529444144
"India","Male","75-79",77.5,17.5,"15-19 years","IHD",0.000889014765124933,0.000906120080154901,0,0.00301833529444144
"India","Male","75-79",77.5,22.5,"20-24 years","IHD",0.000889014765124933,0.000906120080154901,0,0.00301833529444144
"India","Male","75-79",77.5,27.5,"25-29 years","IHD",0.000889014765124933,0.000906120080154901,0,0.00301833529444144
"India","Male","80+",84.91,2.5,"0-4 years","IHD",0.000228363196468232,0.000266928566899978,0,0.000875076253814971
"India","Male","80+",84.91,7.5,"5-9 years","IHD",0.000391799601783732,0.000457965678504863,0,0.0015013563178198
"India","Male","80+",84.91,12.5,"10-14 years","IHD",0.000447770973467121,0.000523389346862705,0,0.00171583579179406
"India","Male","80+",84.91,17.5,"15-19 years","IHD",0.000447770973467121,0.000523389346862705,0,0.00171583579179406
"India","Male","80+",84.91,22.5,"20-24 years","IHD",0.000447770973467121,0.000523389346862705,0,0.00171583579179406
"India","Male","80+",84.91,27.5,"25-29 years","IHD",0.000447770973467121,0.000523389346862705,0,0.00171583579179406
"India","Male","35-39",37.5,2.5,"0-4 years","lung_cancer",0.0208876165997374,0.000223148649863887,0.0204130955751008,0.0212666521153197
"India","Male","35-39",37.5,7.5,"5-9 years","lung_cancer",0.0507270688850765,0.00054193243538373,0.0495746606823878,0.0516475837086335
"India","Male","35-39",37.5,12.5,"10-14 years","lung_cancer",0.0676360918467687,0.000722576580511637,0.0660995475765171,0.0688634449448447
"India","Male","35-39",37.5,17.5,"15-19 years","lung_cancer",0.0808151832727934,0.000863372752449566,0.0789792388322355,0.0822816897318914
"India","Male","35-39",37.5,22.5,"20-24 years","lung_cancer",0.0870317358322391,0.000929786041099534,0.0850545648962536,0.0886110504804986
"India","Male","35-39",37.5,27.5,"25-29 years","lung_cancer",0.0929996262893068,0.0009935427982035,0.0908868779177111,0.0946872367991612
"India","Male","40-44",42.5,2.5,"0-4 years","lung_cancer",0.00141796966238323,0.000127824267936426,0.00116910883795302,0.00166953093130821
"India","Male","40-44",42.5,7.5,"5-9 years","lung_cancer",0.00344364060864499,0.000310430364988463,0.00283926432074305,0.00405457511889139
"India","Male","40-44",42.5,12.5,"10-14 years","lung_cancer",0.00459152081152665,0.00041390715331795,0.00378568576099074,0.00540610015852186
"India","Male","40-44",42.5,17.5,"15-19 years","lung_cancer",0.0054861921461256,0.000494558179515933,0.00452333776588967,0.00645949467470442
"India","Male","40-44",42.5,22.5,"20-24 years","lung_cancer",0.0059082069265968,0.000532601116401774,0.00487128682480426,0.00695637888045093
"India","Male","40-44",42.5,27.5,"25-29 years","lung_cancer",0.00631334111584915,0.000569122335812181,0.00520531792136227,0.00743338771796756
"India","Male","45-49",47.5,2.5,"0-4 years","lung_cancer",0.013989837342684,0.000529999605456289,0.0129104698334039,0.0149190833050511
"India","Male","45-49",47.5,7.5,"5-9 years","lung_cancer",0.0339753192608041,0.00128714189896528,0.0313539981668381,0.0362320594551241
"India","Male","45-49",47.5,12.5,"10-14 years","lung_cancer",0.0453004256810721,0.00171618919862037,0.0418053308891176,0.0483094126068321
"India","Male","45-49",47.5,17.5,"15-19 years","lung_cancer",0.0541273468615751,0.00205059371158684,0.0499512225697177,0.057722643739781
"India","Male","45-49",47.5,22.5,"20-24 years","lung_cancer",0.05829098892785,0.00220833168940121,0.0537936243058498,0.0621628471043796
"India","Male","45-49",47.5,27.5,"25-29 years","lung_cancer",0.0622880853114741,0.00235976014810301,0.0574823299725367,0.0664254423343942
"India","Male","50-54",52.5,2.5,"0-4 years","lung_cancer",0.0134716776233595,0.00054255128359488,0.0123326384948582,0.0144409147591043
"India","Male","50-54",52.5,7.5,"5-9 years","lung_cancer",0.032716931371016,0.00131762454587328,0.0299506934875127,0.0350707929863962
"India","Male","50-54",52.5,12.5,"10-14 years","lung_cancer",0.0436225751613545,0.00175683272783104,0.0399342579833503,0.046761057315195
"India","Male","50-54",52.5,17.5,"15-19 years","lung_cancer",0.0521225622332362,0.00209915675200401,0.047715565605106,0.0558725868655822
"India","Male","50-54",52.5,22.5,"20-24 years","lung_cancer",0.0561319900973312,0.00226063034831201,0.0513859937285757,0.0601704781629347
"India","Male","50-54",52.5,27.5,"25-29 years","lung_cancer",0.0599810408468626,0.00241564500076769,0.0549096047271066,0.0642964538083931
"India","Male","55-59",57.5,2.5,"0-4 years","lung_cancer",0.014091586471779,0.000546799428069269,0.0129049097545437,0.0150741607339114
"India","Male","55-59",57.5,7.5,"5-9 years","lung_cancer",0.0342224242886061,0.00132794146816823,0.0313404951181774,0.0366086760680704
"India","Male","55-59",57.5,12.5,"10-14 years","lung_cancer",0.0456298990514747,0.0017705886242243,0.0417873268242366,0.0488115680907605
"India","Male","55-59",57.5,17.5,"15-19 years","lung_cancer",0.0545210190872401,0.002115593025268,0.0499297103598415,0.0583226456966808
"India","Male","55-59",57.5,22.5,"20-24 years","lung_cancer",0.0587149436324123,0.00227833095028862,0.0537704573105986,0.0628090030579639
"India","Male","55-59",57.5,27.5,"25-29 years","lung_cancer",0.0627411111957778,0.00243455935830841,0.0574575743833253,0.0671159061247957
"India","Male","60-64",62.5,2.5,"0-4 years","lung_cancer",0.0130726075994695,0.000549092437354901,0.0119398390596145,0.0140488720025814
"India","Male","60-64",62.5,7.5,"5-9 years","lung_cancer",0.0317477613129972,0.00133351020500476,0.0289967520019209,0.0341186891491261
"India","Male","60-64",62.5,12.5,"10-14 years","lung_cancer",0.0423303484173297,0.00177801360667301,0.0386623360025612,0.0454915855321681
"India","Male","60-64",62.5,17.5,"15-19 years","lung_cancer",0.0505785413074711,0.00212446478738503,0.0461958058854132,0.054355754771892
"India","Male","60-64",62.5,22.5,"20-24 years","lung_cancer",0.0544691983311227,0.00228788515564542,0.0497493294150604,0.0585369666774223
"India","Male","60-64",62.5,27.5,"25-29 years","lung_cancer",0.0582042290738283,0.00244476870917539,0.0531607120035217,0.0625509301067312
"India","Male","65-69",67.5,2.5,"0-4 years","lung_cancer",0.0126487243144441,0.000557672275957977,0.0114553385789758,0.0136433322413845
"India","Male","65-69",67.5,7.5,"5-9 years","lung_cancer",0.0307183304779356,0.00135434695589795,0.0278201079775127,0.0331338068719338
"India","Male","65-69",67.5,12.5,"10-14 years","lung_cancer",0.0409577739705808,0.00180579594119726,0.0370934773033502,0.0441784091625785
"India","Male","65-69",67.5,17.5,"15-19 years","lung_cancer",0.0489385166927896,0.00215766059150408,0.0443212504543707,0.0527867021244044
"India","Male","65-69",67.5,22.5,"20-24 years","lung_cancer",0.0527030179768503,0.00232363448315824,0.0477305774123992,0.0568472176724354
"India","Male","65-69",67.5,27.5,"25-29 years","lung_cancer",0.0563169392095485,0.00248296941914623,0.0510035312921065,0.0607453125985454
"India","Male","70-74",72.5,2.5,"0-4 years","lung_cancer",0.0108164248113761,0.000563820206223812,0.00966060653593523,0.0119025340644088
"India","Male","70-74",72.5,7.5,"5-9 years","lung_cancer",0.0262684602561992,0.0013692776436864,0.0234614730158428,0.0289061541564215
"India","Male","70-74",72.5,12.5,"10-14 years","lung_cancer",0.0350246136749322,0.00182570352491521,0.0312819640211238,0.0385415388752287
"India","Male","70-74",72.5,17.5,"15-19 years","lung_cancer",0.0418492626630624,0.00218144722646118,0.0373773467164162,0.0460514710825344
"India","Male","70-74",72.5,22.5,"20-24 years","lung_cancer",0.0450684367140672,0.00234925085926589,0.0402525272330637,0.049593891935037
"India","Male","70-74",72.5,27.5,"25-29 years","lung_cancer",0.0481588438030318,0.00251034234675841,0.0430127005290451,0.0529946159534396
"India","Male","75-79",77.5,2.5,"0-4 years","lung_cancer",0.00717678643257513,0.000468742977632109,0.00621959382844554,0.0080551050587481
"India","Male","75-79",77.5,7.5,"5-9 years","lung_cancer",0.017429338479111,0.00113837580282083,0.015104727869082,0.0195623979998168
"India","Male","75-79",77.5,12.5,"10-14 years","lung_cancer",0.023239117972148,0.00151783440376111,0.020139637158776,0.026083197333089
"India","Male","75-79",77.5,17.5,"15-19 years","lung_cancer",0.0277673284593681,0.0018135889015528,0.0240639046933904,0.0311655850487277
"India","Male","75-79",77.5,22.5,"20-24 years","lung_cancer",0.0299032768023964,0.00195309574013378,0.0259149742851897,0.0335629377447837
"India","Male","75-79",77.5,27.5,"25-29 years","lung_cancer",0.0319537872117036,0.00208702230517152,0.027692001093317,0.0358643963329974
"India","Male","80+",84.91,2.5,"0-4 years","lung_cancer",0.00535788316597649,0.000386550293191475,0.00457567387785326,0.00609307670236109
"India","Male","80+",84.91,7.5,"5-9 years","lung_cancer",0.0130120019745143,0.000938764997750723,0.0111123508462151,0.0147974719914484
"India","Male","80+",84.91,12.5,"10-14 years","lung_cancer",0.0173493359660191,0.00125168666366763,0.0148164677949534,0.0197299626552645
"India","Male","80+",84.91,17.5,"15-19 years","lung_cancer",0.0207299051064567,0.00149558149151463,0.0177035001226466,0.0235744039079448
"India","Male","80+",84.91,22.5,"20-24 years","lung_cancer",0.0223245131915687,0.00161062622163115,0.0190653078243886,0.0253878195931713
"India","Male","80+",84.91,27.5,"25-29 years","lung_cancer",0.0238553369532763,0.00172106916254299,0.020372643218061,0.0271286986509888
"India","Male","35-39",37.5,2.5,"0-4 years","mouth_orophar_cancer",0.016813857228757,0.00110611481077412,0.0143460341617343,0.0185419219438086
"India","Male","35-39",37.5,7.5,"5-9 years","mouth_orophar_cancer",0.0408336532698385,0.00268627882616574,0.0348403686784975,0.0450303818635351
"India","Male","35-39",37.5,12.5,"10-14 years","mouth_orophar_cancer",0.0544448710264513,0.00358170510155431,0.0464538249046633,0.06004050915138
"India","Male","35-39",37.5,17.5,"15-19 years","mouth_orophar_cancer",0.0650536142779289,0.00427961087501894,0.0555054893162337,0.0717395789492593
"India","Male","35-39",37.5,22.5,"20-24 years","mouth_orophar_cancer",0.0700577384531541,0.00460881171155886,0.0597751423405594,0.0772580080992023
"India","Male","35-39",37.5,27.5,"25-29 years","mouth_orophar_cancer",0.0748616976613704,0.00492484451463718,0.063874009243912,0.0825557000831476
"India","Male","40-44",42.5,2.5,"0-4 years","mouth_orophar_cancer",0.000483692783399559,0.000102580083197998,0.000285273147605,0.000691420484029023
"India","Male","40-44",42.5,7.5,"5-9 years","mouth_orophar_cancer",0.00117468247397036,0.000249123059195139,0.000692806215612145,0.00167916403264191
"India","Male","40-44",42.5,12.5,"10-14 years","mouth_orophar_cancer",0.00156624329862715,0.000332164078926852,0.000923741620816192,0.00223888537685588
"India","Male","40-44",42.5,17.5,"15-19 years","mouth_orophar_cancer",0.00187143041196258,0.000396887226658922,0.00110373539251935,0.00267513877749324
"India","Male","40-44",42.5,22.5,"20-24 years","mouth_orophar_cancer",0.00201538659749817,0.000427417013324993,0.00118863811502084,0.00288091868345426
"India","Male","40-44",42.5,27.5,"25-29 years","mouth_orophar_cancer",0.00215358453561233,0.000456725608524421,0.00127014472862226,0.00307846739317684
"India","Male","45-49",47.5,2.5,"0-4 years","mouth_orophar_cancer",0.00757172705734363,0.00120134390351538,0.0049445314613834,0.00956573528296182
"India","Male","45-49",47.5,7.5,"5-9 years","mouth_orophar_cancer",0.018388479996406,0.00291754947996593,0.0120081478347883,0.0232310714014787
"India","Male","45-49",47.5,12.5,"10-14 years","mouth_orophar_cancer",0.0245179733285413,0.0038900659732879,0.0160108637797178,0.0309747618686383
"India","Male","45-49",47.5,17.5,"15-19 years","mouth_orophar_cancer",0.0292953725432938,0.00464805676955356,0.0191306276779716,0.0370102853209833
"India","Male","45-49",47.5,22.5,"20-24 years","mouth_orophar_cancer",0.0315488627389319,0.00500559959798076,0.020602214422431,0.0398572303456743
"India","Male","45-49",47.5,27.5,"25-29 years","mouth_orophar_cancer",0.0337122133267443,0.00534884071327087,0.0220149376971119,0.0425902975693777
"India","Male","50-54",52.5,2.5,"0-4 years","mouth_orophar_cancer",0.00716851104010399,0.001075496718437,0.00491724339680611,0.009103877817722
"India","Male","50-54",52.5,7.5,"5-9 years","mouth_orophar_cancer",0.0174092410973954,0.00261192060191843,0.0119418768208149,0.0221094175573249
"India","Male","50-54",52.5,12.5,"10-14 years","mouth_orophar_cancer",0.0232123214631939,0.0034825608025579,0.0159225024277532,0.0294792234097665
"India","Male","50-54",52.5,17.5,"15-19 years","mouth_orophar_cancer",0.027735310571831,0.0041611480177622,0.0190250488566904,0.0352233367947578
"India","Male","50-54",52.5,22.5,"20-24 years","mouth_orophar_cancer",0.0298687960004334,0.00448123632682083,0.0204885141533589,0.0379328242405084
"India","Male","50-54",52.5,27.5,"25-29 years","mouth_orophar_cancer",0.0319169420118916,0.00478852110351711,0.0218934408381606,0.040533932188429
"India","Male","55-59",57.5,2.5,"0-4 years","mouth_orophar_cancer",0.00771785772447001,0.00112489521120505,0.00526525010720755,0.00963170483191296
"India","Male","55-59",57.5,7.5,"5-9 years","mouth_orophar_cancer",0.0187433687594271,0.0027318883700694,0.0127870359746469,0.0233912831632171
"India","Male","55-59",57.5,12.5,"10-14 years","mouth_orophar_cancer",0.0249911583459028,0.0036425178267592,0.0170493812995292,0.0311883775509562
"India","Male","55-59",57.5,17.5,"15-19 years","mouth_orophar_cancer",0.0298607590530089,0.00435227313859095,0.0203715033909816,0.0372655246472822
"India","Male","55-59",57.5,22.5,"20-24 years","mouth_orophar_cancer",0.032157740518625,0.00468706338002103,0.0219385421133648,0.0401321034663039
"India","Male","55-59",57.5,27.5,"25-29 years","mouth_orophar_cancer",0.0343628427256164,0.0050084620117939,0.0234428992868527,0.0428840191325648
"India","Male","60-64",62.5,2.5,"0-4 years","mouth_orophar_cancer",0.00687411746874281,0.00107752404071492,0.00459585232960452,0.00875269578677363
"India","Male","60-64",62.5,7.5,"5-9 years","mouth_orophar_cancer",0.0166942852812325,0.00261684409887909,0.011161355657611,0.0212565469107359
"India","Male","60-64",62.5,12.5,"10-14 years","mouth_orophar_cancer",0.0222590470416434,0.00348912546517211,0.0148818075434813,0.0283420625476478
"India","Male","60-64",62.5,17.5,"15-19 years","mouth_orophar_cancer",0.026596287825493,0.00416899182419463,0.0177815715133509,0.0338645967940646
"India","Male","60-64",62.5,22.5,"20-24 years","mouth_orophar_cancer",0.0286421561197617,0.00448968350297882,0.0191493847066856,0.0364695657782234
"India","Male","60-64",62.5,27.5,"25-29 years","mouth_orophar_cancer",0.0306061896822596,0.00479754751461166,0.0204624853722869,0.0389703360030158
"India","Male","65-69",67.5,2.5,"0-4 years","mouth_orophar_cancer",0.00645873386053592,0.00101755144287595,0.0043102305570439,0.00821959856006566
"India","Male","65-69",67.5,7.5,"5-9 years","mouth_orophar_cancer",0.0156854965184444,0.00247119636127016,0.0104677027813923,0.0199618822173023
"India","Male","65-69",67.5,12.5,"10-14 years","mouth_orophar_cancer",0.0209139953579259,0.00329492848169354,0.0139569370418564,0.0266158429564031
"India","Male","65-69",67.5,17.5,"15-19 years","mouth_orophar_cancer",0.0249891488651688,0.00393695498731765,0.016676487274277,0.0318020182383493
"India","Male","65-69",67.5,22.5,"20-24 years","mouth_orophar_cancer",0.0269113910855664,0.00423979767864978,0.0179592939876829,0.0342483273336069
"India","Male","65-69",67.5,27.5,"25-29 years","mouth_orophar_cancer",0.0287567436171481,0.00453052666232862,0.0191907884325526,0.0365967840650542
"India","Male","70-74",72.5,2.5,"0-4 years","mouth_orophar_cancer",0.00512599519691669,0.000902245804730828,0.00331244244562971,0.00685744344675381
"India","Male","70-74",72.5,7.5,"5-9 years","mouth_orophar_cancer",0.0124488454782263,0.00219116838291773,0.00804450308224362,0.0166537912278307
"India","Male","70-74",72.5,12.5,"10-14 years","mouth_orophar_cancer",0.0165984606376351,0.00292155784389031,0.0107260041096581,0.0222050549704409
"India","Male","70-74",72.5,17.5,"15-19 years","mouth_orophar_cancer",0.0198327195118801,0.00349083198258953,0.0128159975574959,0.0265317752404165
"India","Male","70-74",72.5,22.5,"20-24 years","mouth_orophar_cancer",0.0213583133204863,0.0037593575197118,0.0138018435234572,0.0285726810281408
"India","Male","70-74",72.5,27.5,"25-29 years","mouth_orophar_cancer",0.0228228833767482,0.00401714203534918,0.01474825565078,0.0305319505843562
"India","Male","75-79",77.5,2.5,"0-4 years","mouth_orophar_cancer",0.00292993956828464,0.000576910273884527,0.00171956125337035,0.00397266343447851
"India","Male","75-79",77.5,7.5,"5-9 years","mouth_orophar_cancer",0.00711556752297698,0.00140106780800528,0.00417607732961369,0.00964789691230493
"India","Male","75-79",77.5,12.5,"10-14 years","mouth_orophar_cancer",0.00948742336396929,0.0018680904106737,0.00556810310615159,0.0128638625497399
"India","Male","75-79",77.5,17.5,"15-19 years","mouth_orophar_cancer",0.0113360757106251,0.00223209332157703,0.00665306437315908,0.0153704240024466
"India","Male","75-79",77.5,22.5,"20-24 years","mouth_orophar_cancer",0.0122080815345193,0.00240379280785219,0.00716483855570977,0.0165527643103271
"India","Male","75-79",77.5,27.5,"25-29 years","mouth_orophar_cancer",0.0130452071254578,0.00256862431467634,0.00765614177095844,0.0176878110058924
"India","Male","80+",84.91,2.5,"0-4 years","mouth_orophar_cancer",0.00206475535371758,0.000396761709928281,0.00128048378741069,0.00281946024806131
"India","Male","80+",84.91,7.5,"5-9 years","mouth_orophar_cancer",0.00501440585902842,0.000963564152682967,0.00310974634085453,0.00684726060243458
"India","Male","80+",84.91,12.5,"10-14 years","mouth_orophar_cancer",0.00668587447870456,0.00128475220357729,0.00414632845447271,0.00912968080324611
"India","Male","80+",84.91,17.5,"15-19 years","mouth_orophar_cancer",0.00798863678521685,0.00153508994912728,0.0049542527489104,0.010908625959761
"India","Male","80+",84.91,22.5,"20-24 years","mouth_orophar_cancer",0.0086031473071566,0.00165317379136784,0.00533534911421121,0.0117477510335888
"India","Male","80+",84.91,27.5,"25-29 years","mouth_orophar_cancer",0.00919307740821877,0.00176653427991877,0.00570120162489998,0.0125533111044634
"India","Male","35-39",37.5,2.5,"0-4 years","other_CVD",0.0105587748480147,0.00455741717011027,0,0.0171501591340378
"India","Male","35-39",37.5,7.5,"5-9 years","other_CVD",0.0181155450823782,0.00781909808597349,0,0.0294242926319277
"India","Male","35-39",37.5,12.5,"10-14 years","other_CVD",0.0207034800941465,0.00893611209825543,0,0.0336277630079173
"India","Male","35-39",37.5,17.5,"15-19 years","other_CVD",0.0207034800941465,0.00893611209825543,0,0.0336277630079173
"India","Male","35-39",37.5,22.5,"20-24 years","other_CVD",0.0207034800941465,0.00893611209825543,0,0.0336277630079173
"India","Male","35-39",37.5,27.5,"25-29 years","other_CVD",0.0207034800941465,0.00893611209825543,0,0.0336277630079173
"India","Male","40-44",42.5,2.5,"0-4 years","other_CVD",0.000138913099209335,8.67151570333987e-05,0,0.0003065319011132
"India","Male","40-44",42.5,7.5,"5-9 years","other_CVD",0.000238331297663075,0.000148776004714165,0,0.000525912575439315
"India","Male","40-44",42.5,12.5,"10-14 years","other_CVD",0.000272378625900657,0.000170029719673331,0,0.000601042943359217
"India","Male","40-44",42.5,17.5,"15-19 years","other_CVD",0.000272378625900657,0.000170029719673331,0,0.000601042943359217
"India","Male","40-44",42.5,22.5,"20-24 years","other_CVD",0.000272378625900657,0.000170029719673331,0,0.000601042943359217
"India","Male","40-44",42.5,27.5,"25-29 years","other_CVD",0.000272378625900657,0.000170029719673331,0,0.000601042943359217
"India","Male","45-49",47.5,2.5,"0-4 years","other_CVD",0.00272829889762249,0.00159855958460775,0,0.00578706506118165
"India","Male","45-49",47.5,7.5,"5-9 years","other_CVD",0.00468090497141114,0.00274262673829762,0,0.00992878809516461
"India","Male","45-49",47.5,12.5,"10-14 years","other_CVD",0.00534960568161273,0.00313443055805443,0,0.0113471863944738
"India","Male","45-49",47.5,17.5,"15-19 years","other_CVD",0.00534960568161273,0.00313443055805443,0,0.0113471863944738
"India","Male","45-49",47.5,22.5,"20-24 years","other_CVD",0.00534960568161273,0.00313443055805443,0,0.0113471863944738
"India","Male","45-49",47.5,27.5,"25-29 years","other_CVD",0.00534960568161273,0.00313443055805443,0,0.0113471863944738
"India","Male","50-54",52.5,2.5,"0-4 years","other_CVD",0.00225552143545058,0.00145383754258047,0,0.00511693573064318
"India","Male","50-54",52.5,7.5,"5-9 years","other_CVD",0.00386976716866521,0.00249432911717238,0,0.0087790564006133
"India","Male","50-54",52.5,12.5,"10-14 years","other_CVD",0.00442259104990311,0.002850661848197,0,0.0100332073149866
"India","Male","50-54",52.5,17.5,"15-19 years","other_CVD",0.00442259104990311,0.002850661848197,0,0.0100332073149866
"India","Male","50-54",52.5,22.5,"20-24 years","other_CVD",0.00442259104990311,0.002850661848197,0,0.0100332073149866
"India","Male","50-54",52.5,27.5,"25-29 years","other_CVD",0.00442259104990311,0.002850661848197,0,0.0100332073149866
"India","Male","55-59",57.5,2.5,"0-4 years","other_CVD",0.00231955652195927,0.00156300467573067,0,0.00528738924208246
"India","Male","55-59",57.5,7.5,"5-9 years","other_CVD",0.00397963128767521,0.00268162566914576,0,0.00907150115063168
"India","Male","55-59",57.5,12.5,"10-14 years","other_CVD",0.00454815004305738,0.00306471505045231,0,0.0103674298864362
"India","Male","55-59",57.5,17.5,"15-19 years","other_CVD",0.00454815004305738,0.00306471505045231,0,0.0103674298864362
"India","Male","55-59",57.5,22.5,"20-24 years","other_CVD",0.00454815004305738,0.00306471505045231,0,0.0103674298864362
"India","Male","55-59",57.5,27.5,"25-29 years","other_CVD",0.00454815004305738,0.00306471505045231,0,0.0103674298864362
"India","Male","60-64",62.5,2.5,"0-4 years","other_CVD",0.00182282951071486,0.00133945630098783,0,0.00440572481531154
"India","Male","60-64",62.5,7.5,"5-9 years","other_CVD",0.0031274035723049,0.00229808679091049,0,0.00755884159489725
"India","Male","60-64",62.5,12.5,"10-14 years","other_CVD",0.0035741755112056,0.0026263849038977,0,0.008638676108454
"India","Male","60-64",62.5,17.5,"15-19 years","other_CVD",0.0035741755112056,0.0026263849038977,0,0.008638676108454
"India","Male","60-64",62.5,22.5,"20-24 years","other_CVD",0.0035741755112056,0.0026263849038977,0,0.008638676108454
"India","Male","60-64",62.5,27.5,"25-29 years","other_CVD",0.0035741755112056,0.0026263849038977,0,0.008638676108454
"India","Male","65-69",67.5,2.5,"0-4 years","other_CVD",0.00160140155363739,0.00121502377011959,0,0.0041011192692143
"India","Male","65-69",67.5,7.5,"5-9 years","other_CVD",0.00274750266555434,0.00208459960559733,0,0.00703623404031866
"India","Male","65-69",67.5,12.5,"10-14 years","other_CVD",0.00314000304634783,0.0023823995492541,0,0.00804141033179276
"India","Male","65-69",67.5,17.5,"15-19 years","other_CVD",0.00314000304634783,0.0023823995492541,0,0.00804141033179276
"India","Male","65-69",67.5,22.5,"20-24 years","other_CVD",0.00314000304634783,0.0023823995492541,0,0.00804141033179276
"India","Male","65-69",67.5,27.5,"25-29 years","other_CVD",0.00314000304634783,0.0023823995492541,0,0.00804141033179276
"India","Male","70-74",72.5,2.5,"0-4 years","other_CVD",0.00108411545381612,0.00093531232037083,0,0.00308791055147366
"India","Male","70-74",72.5,7.5,"5-9 years","other_CVD",0.00186000200409629,0.00160470251044016,0,0.00529788575007736
"India","Male","70-74",72.5,12.5,"10-14 years","other_CVD",0.00212571657611005,0.00183394572621732,0,0.00605472657151699
"India","Male","70-74",72.5,17.5,"15-19 years","other_CVD",0.00212571657611005,0.00183394572621732,0,0.00605472657151699
"India","Male","70-74",72.5,22.5,"20-24 years","other_CVD",0.00212571657611005,0.00183394572621732,0,0.00605472657151699
"India","Male","70-74",72.5,27.5,"25-29 years","other_CVD",0.00212571657611005,0.00183394572621732,0,0.00605472657151699
"India","Male","75-79",77.5,2.5,"0-4 years","other_CVD",0.000538801627397058,0.0004722976637045,0,0.0014854246163176
"India","Male","75-79",77.5,7.5,"5-9 years","other_CVD",0.000924414556808679,0.000810314619100858,0,0.00254852262603509
"India","Male","75-79",77.5,12.5,"10-14 years","other_CVD",0.00105647377920992,0.00092607385040098,0,0.00291259728689725
"India","Male","75-79",77.5,17.5,"15-19 years","other_CVD",0.00105647377920992,0.00092607385040098,0,0.00291259728689725
"India","Male","75-79",77.5,22.5,"20-24 years","other_CVD",0.00105647377920992,0.00092607385040098,0,0.00291259728689725
"India","Male","75-79",77.5,27.5,"25-29 years","other_CVD",0.00105647377920992,0.00092607385040098,0,0.00291259728689725
"India","Male","80+",84.91,2.5,"0-4 years","other_CVD",0.000338742076243817,0.000332082182441521,0,0.00111568820790924
"India","Male","80+",84.91,7.5,"5-9 years","other_CVD",0.00058117513081047,0.00056974884242418,0,0.00191417094494232
"India","Male","80+",84.91,12.5,"10-14 years","other_CVD",0.00066420014949768,0.000651141534199061,0,0.00218762393707693
"India","Male","80+",84.91,17.5,"15-19 years","other_CVD",0.00066420014949768,0.000651141534199061,0,0.00218762393707693
"India","Male","80+",84.91,22.5,"20-24 years","other_CVD",0.00066420014949768,0.000651141534199061,0,0.00218762393707693
"India","Male","80+",84.91,27.5,"25-29 years","other_CVD",0.00066420014949768,0.000651141534199061,0,0.00218762393707693
"India","Male","35-39",37.5,2.5,"0-4 years","other_resp_dis",0.015841258453453,0.00187726103290197,0.011775536652315,0.0192415094784195
"India","Male","35-39",37.5,7.5,"5-9 years","other_resp_dis",0.015841258453453,0.00187726103290197,0.011775536652315,0.0192415094784195
"India","Male","35-39",37.5,12.5,"10-14 years","other_resp_dis",0.015841258453453,0.00187726103290197,0.011775536652315,0.0192415094784195
"India","Male","35-39",37.5,17.5,"15-19 years","other_resp_dis",0.015841258453453,0.00187726103290197,0.011775536652315,0.0192415094784195
"India","Male","35-39",37.5,22.5,"20-24 years","other_resp_dis",0.015841258453453,0.00187726103290197,0.011775536652315,0.0192415094784195
"India","Male","35-39",37.5,27.5,"25-29 years","other_resp_dis",0.015841258453453,0.00187726103290197,0.011775536652315,0.0192415094784195
"India","Male","40-44",42.5,2.5,"0-4 years","other_resp_dis",0.000179637040873052,2.96436099113568e-05,0.000123488414865261,0.000240142433808774
"India","Male","40-44",42.5,7.5,"5-9 years","other_resp_dis",0.000179637040873052,2.96436099113568e-05,0.000123488414865261,0.000240142433808774
"India","Male","40-44",42.5,12.5,"10-14 years","other_resp_dis",0.000179637040873052,2.96436099113568e-05,0.000123488414865261,0.000240142433808774
"India","Male","40-44",42.5,17.5,"15-19 years","other_resp_dis",0.000179637040873052,2.96436099113568e-05,0.000123488414865261,0.000240142433808774
"India","Male","40-44",42.5,22.5,"20-24 years","other_resp_dis",0.000179637040873052,2.96436099113568e-05,0.000123488414865261,0.000240142433808774
"India","Male","40-44",42.5,27.5,"25-29 years","other_resp_dis",0.000179637040873052,2.96436099113568e-05,0.000123488414865261,0.000240142433808774
"India","Male","45-49",47.5,2.5,"0-4 years","other_resp_dis",0.00383782830721835,0.000583148947669014,0.00267321065199022,0.00495268765097956
"India","Male","45-49",47.5,7.5,"5-9 years","other_resp_dis",0.00383782830721835,0.000583148947669014,0.00267321065199022,0.00495268765097956
"India","Male","45-49",47.5,12.5,"10-14 years","other_resp_dis",0.00383782830721835,0.000583148947669014,0.00267321065199022,0.00495268765097956
"India","Male","45-49",47.5,17.5,"15-19 years","other_resp_dis",0.00383782830721835,0.000583148947669014,0.00267321065199022,0.00495268765097956
"India","Male","45-49",47.5,22.5,"20-24 years","other_resp_dis",0.00383782830721835,0.000583148947669014,0.00267321065199022,0.00495268765097956
"India","Male","45-49",47.5,27.5,"25-29 years","other_resp_dis",0.00383782830721835,0.000583148947669014,0.00267321065199022,0.00495268765097956
"India","Male","50-54",52.5,2.5,"0-4 years","other_resp_dis",0.003521636920273,0.000537944603226226,0.00239796555820355,0.00453965250893431
"India","Male","50-54",52.5,7.5,"5-9 years","other_resp_dis",0.003521636920273,0.000537944603226226,0.00239796555820355,0.00453965250893431
"India","Male","50-54",52.5,12.5,"10-14 years","other_resp_dis",0.003521636920273,0.000537944603226226,0.00239796555820355,0.00453965250893431
"India","Male","50-54",52.5,17.5,"15-19 years","other_resp_dis",0.003521636920273,0.000537944603226226,0.00239796555820355,0.00453965250893431
"India","Male","50-54",52.5,22.5,"20-24 years","other_resp_dis",0.003521636920273,0.000537944603226226,0.00239796555820355,0.00453965250893431
"India","Male","50-54",52.5,27.5,"25-29 years","other_resp_dis",0.003521636920273,0.000537944603226226,0.00239796555820355,0.00453965250893431
"India","Male","55-59",57.5,2.5,"0-4 years","other_resp_dis",0.00389165723133675,0.000598934992339223,0.00271631212831565,0.00507527502177232
"India","Male","55-59",57.5,7.5,"5-9 years","other_resp_dis",0.00389165723133675,0.000598934992339223,0.00271631212831565,0.00507527502177232
"India","Male","55-59",57.5,12.5,"10-14 years","other_resp_dis",0.00389165723133675,0.000598934992339223,0.00271631212831565,0.00507527502177232
"India","Male","55-59",57.5,17.5,"15-19 years","other_resp_dis",0.00389165723133675,0.000598934992339223,0.00271631212831565,0.00507527502177232
"India","Male","55-59",57.5,22.5,"20-24 years","other_resp_dis",0.00389165723133675,0.000598934992339223,0.00271631212831565,0.00507527502177232
"India","Male","55-59",57.5,27.5,"25-29 years","other_resp_dis",0.00389165723133675,0.000598934992339223,0.00271631212831565,0.00507527502177232
"India","Male","60-64",62.5,2.5,"0-4 years","other_resp_dis",0.00332796986389225,0.000499042374967002,0.00228168303115589,0.00426622977627738
"India","Male","60-64",62.5,7.5,"5-9 years","other_resp_dis",0.00332796986389225,0.000499042374967002,0.00228168303115589,0.00426622977627738
"India","Male","60-64",62.5,12.5,"10-14 years","other_resp_dis",0.00332796986389225,0.000499042374967002,0.00228168303115589,0.00426622977627738
"India","Male","60-64",62.5,17.5,"15-19 years","other_resp_dis",0.00332796986389225,0.000499042374967002,0.00228168303115589,0.00426622977627738
"India","Male","60-64",62.5,22.5,"20-24 years","other_resp_dis",0.00332796986389225,0.000499042374967002,0.00228168303115589,0.00426622977627738
"India","Male","60-64",62.5,27.5,"25-29 years","other_resp_dis",0.00332796986389225,0.000499042374967002,0.00228168303115589,0.00426622977627738
"India","Male","65-69",67.5,2.5,"0-4 years","other_resp_dis",0.00310729882533024,0.000483515120147802,0.00211397080429528,0.00404550629593036
"India","Male","65-69",67.5,7.5,"5-9 years","other_resp_dis",0.00310729882533024,0.000483515120147802,0.00211397080429528,0.00404550629593036
"India","Male","65-69",67.5,12.5,"10-14 years","other_resp_dis",0.00310729882533024,0.000483515120147802,0.00211397080429528,0.00404550629593036
"India","Male","65-69",67.5,17.5,"15-19 years","other_resp_dis",0.00310729882533024,0.000483515120147802,0.00211397080429528,0.00404550629593036
"India","Male","65-69",67.5,22.5,"20-24 years","other_resp_dis",0.00310729882533024,0.000483515120147802,0.00211397080429528,0.00404550629593036
"India","Male","65-69",67.5,27.5,"25-29 years","other_resp_dis",0.00310729882533024,0.000483515120147802,0.00211397080429528,0.00404550629593036
"India","Male","70-74",72.5,2.5,"0-4 years","other_resp_dis",0.00227902610487318,0.000354522142081582,0.00158474317099811,0.00297943705197947
"India","Male","70-74",72.5,7.5,"5-9 years","other_resp_dis",0.00227902610487318,0.000354522142081582,0.00158474317099811,0.00297943705197947
"India","Male","70-74",72.5,12.5,"10-14 years","other_resp_dis",0.00227902610487318,0.000354522142081582,0.00158474317099811,0.00297943705197947
"India","Male","70-74",72.5,17.5,"15-19 years","other_resp_dis",0.00227902610487318,0.000354522142081582,0.00158474317099811,0.00297943705197947
"India","Male","70-74",72.5,22.5,"20-24 years","other_resp_dis",0.00227902610487318,0.000354522142081582,0.00158474317099811,0.00297943705197947
"India","Male","70-74",72.5,27.5,"25-29 years","other_resp_dis",0.00227902610487318,0.000354522142081582,0.00158474317099811,0.00297943705197947
"India","Male","75-79",77.5,2.5,"0-4 years","other_resp_dis",0.00120906830196924,0.000198659351655698,0.000792379967064635,0.00160548616733638
"India","Male","75-79",77.5,7.5,"5-9 years","other_resp_dis",0.00120906830196924,0.000198659351655698,0.000792379967064635,0.00160548616733638
"India","Male","75-79",77.5,12.5,"10-14 years","other_resp_dis",0.00120906830196924,0.000198659351655698,0.000792379967064635,0.00160548616733638
"India","Male","75-79",77.5,17.5,"15-19 years","other_resp_dis",0.00120906830196924,0.000198659351655698,0.000792379967064635,0.00160548616733638
"India","Male","75-79",77.5,22.5,"20-24 years","other_resp_dis",0.00120906830196924,0.000198659351655698,0.000792379967064635,0.00160548616733638
"India","Male","75-79",77.5,27.5,"25-29 years","other_resp_dis",0.00120906830196924,0.000198659351655698,0.000792379967064635,0.00160548616733638
"India","Male","80+",84.91,2.5,"0-4 years","other_resp_dis",0.000812983372164521,0.00012987436143513,0.000546695896700479,0.00106272328257139
"India","Male","80+",84.91,7.5,"5-9 years","other_resp_dis",0.000812983372164521,0.00012987436143513,0.000546695896700479,0.00106272328257139
"India","Male","80+",84.91,12.5,"10-14 years","other_resp_dis",0.000812983372164521,0.00012987436143513,0.000546695896700479,0.00106272328257139
"India","Male","80+",84.91,17.5,"15-19 years","other_resp_dis",0.000812983372164521,0.00012987436143513,0.000546695896700479,0.00106272328257139
"India","Male","80+",84.91,22.5,"20-24 years","other_resp_dis",0.000812983372164521,0.00012987436143513,0.000546695896700479,0.00106272328257139
"India","Male","80+",84.91,27.5,"25-29 years","other_resp_dis",0.000812983372164521,0.00012987436143513,0.000546695896700479,0.00106272328257139
"India","Male","35-39",37.5,2.5,"0-4 years","stroke",0.0135265867736676,0.00347664645924347,0.00410517816810537,0.0183732226018657
"India","Male","35-39",37.5,7.5,"5-9 years","stroke",0.0232073792685473,0.00596483461144713,0.00704319783743569,0.0315226858365343
"India","Male","35-39",37.5,12.5,"10-14 years","stroke",0.0265227191640541,0.00681695384165387,0.00804936895706935,0.0360259266703249
"India","Male","35-39",37.5,17.5,"15-19 years","stroke",0.0265227191640541,0.00681695384165387,0.00804936895706935,0.0360259266703249
"India","Male","35-39",37.5,22.5,"20-24 years","stroke",0.0265227191640541,0.00681695384165387,0.00804936895706935,0.0360259266703249
"India","Male","35-39",37.5,27.5,"25-29 years","stroke",0.0265227191640541,0.00681695384165387,0.00804936895706935,0.0360259266703249
"India","Male","40-44",42.5,2.5,"0-4 years","stroke",0.000194648506463447,9.17642328371022e-05,1.83372969503169e-05,0.000383151584953917
"India","Male","40-44",42.5,7.5,"5-9 years","stroke",0.000333955770893169,0.000157438634769538,3.14610486892693e-05,0.000657367915362115
"India","Male","40-44",42.5,12.5,"10-14 years","stroke",0.000381663738163622,0.000179929868308044,3.59554842163077e-05,0.000751277617556702
"India","Male","40-44",42.5,17.5,"15-19 years","stroke",0.000381663738163622,0.000179929868308044,3.59554842163077e-05,0.000751277617556702
"India","Male","40-44",42.5,22.5,"20-24 years","stroke",0.000381663738163622,0.000179929868308044,3.59554842163077e-05,0.000751277617556702
"India","Male","40-44",42.5,27.5,"25-29 years","stroke",0.000381663738163622,0.000179929868308044,3.59554842163077e-05,0.000751277617556702
"India","Male","45-49",47.5,2.5,"0-4 years","stroke",0.00325490990941167,0.00163055380566947,0,0.0062614743321429
"India","Male","45-49",47.5,7.5,"5-9 years","stroke",0.00558440425634356,0.00279751878423684,0,0.010742725569853
"India","Male","45-49",47.5,12.5,"10-14 years","stroke",0.00638217629296407,0.0031971643248421,0,0.0122774006512606
"India","Male","45-49",47.5,17.5,"15-19 years","stroke",0.00638217629296407,0.0031971643248421,0,0.0122774006512606
"India","Male","45-49",47.5,22.5,"20-24 years","stroke",0.00638217629296407,0.0031971643248421,0,0.0122774006512606
"India","Male","45-49",47.5,27.5,"25-29 years","stroke",0.00638217629296407,0.0031971643248421,0,0.0122774006512606
"India","Male","50-54",52.5,2.5,"0-4 years","stroke",0.0025766662888375,0.00148515924263431,0,0.0052988404906257
"India","Male","50-54",52.5,7.5,"5-9 years","stroke",0.00442075098575061,0.00254806732804907,0,0.00909114790058332
"India","Male","50-54",52.5,12.5,"10-14 years","stroke",0.00505228684085784,0.00291207694634179,0,0.0103898833149524
"India","Male","50-54",52.5,17.5,"15-19 years","stroke",0.00505228684085784,0.00291207694634179,0,0.0103898833149524
"India","Male","50-54",52.5,22.5,"20-24 years","stroke",0.00505228684085784,0.00291207694634179,0,0.0103898833149524
"India","Male","50-54",52.5,27.5,"25-29 years","stroke",0.00505228684085784,0.00291207694634179,0,0.0103898833149524
"India","Male","55-59",57.5,2.5,"0-4 years","stroke",0.00243888168828487,0.00162127690744146,0,0.00544369779164531
"India","Male","55-59",57.5,7.5,"5-9 years","stroke",0.00418435583774365,0.00278160253727702,0,0.00933967758370519
"India","Male","55-59",57.5,12.5,"10-14 years","stroke",0.00478212095742132,0.00317897432831659,0,0.0106739172385202
"India","Male","55-59",57.5,17.5,"15-19 years","stroke",0.00478212095742132,0.00317897432831659,0,0.0106739172385202
"India","Male","55-59",57.5,22.5,"20-24 years","stroke",0.00478212095742132,0.00317897432831659,0,0.0106739172385202
"India","Male","55-59",57.5,27.5,"25-29 years","stroke",0.00478212095742132,0.00317897432831659,0,0.0106739172385202
"India","Male","60-64",62.5,2.5,"0-4 years","stroke",0.0017265021894215,0.00131690949567472,0,0.00444705062460889
"India","Male","60-64",62.5,7.5,"5-9 years","stroke",0.0029621361093016,0.00225940354650075,0,0.00762974371869172
"India","Male","60-64",62.5,12.5,"10-14 years","stroke",0.0033852984106304,0.00258217548171515,0,0.00871970710707624
"India","Male","60-64",62.5,17.5,"15-19 years","stroke",0.0033852984106304,0.00258217548171515,0,0.00871970710707624
"India","Male","60-64",62.5,22.5,"20-24 years","stroke",0.0033852984106304,0.00258217548171515,0,0.00871970710707624
"India","Male","60-64",62.5,27.5,"25-29 years","stroke",0.0033852984106304,0.00258217548171515,0,0.00871970710707624
"India","Male","65-69",67.5,2.5,"0-4 years","stroke",0.0013490999245744,0.00121413738722873,0,0.00420069631501665
"India","Male","65-69",67.5,7.5,"5-9 years","stroke",0.0023146322235345,0.00208307885063753,0,0.00720707701105799
"India","Male","65-69",67.5,12.5,"10-14 years","stroke",0.00264529396975372,0.00238066154358575,0,0.00823665944120914
"India","Male","65-69",67.5,17.5,"15-19 years","stroke",0.00264529396975372,0.00238066154358575,0,0.00823665944120914
"India","Male","65-69",67.5,22.5,"20-24 years","stroke",0.00264529396975372,0.00238066154358575,0,0.00823665944120914
"India","Male","65-69",67.5,27.5,"25-29 years","stroke",0.00264529396975372,0.00238066154358575,0,0.00823665944120914
"India","Male","70-74",72.5,2.5,"0-4 years","stroke",0.000824156205964479,0.000875416633284514,0,0.00301396657926493
"India","Male","70-74",72.5,7.5,"5-9 years","stroke",0.00141399349062533,0.00150194030220383,0,0.00517102109187612
"India","Male","70-74",72.5,12.5,"10-14 years","stroke",0.00161599256071466,0.00171650320251865,0,0.00590973839071556
"India","Male","70-74",72.5,17.5,"15-19 years","stroke",0.00161599256071466,0.00171650320251865,0,0.00590973839071556
"India","Male","70-74",72.5,22.5,"20-24 years","stroke",0.00161599256071466,0.00171650320251865,0,0.00590973839071556
"India","Male","70-74",72.5,27.5,"25-29 years","stroke",0.00161599256071466,0.00171650320251865,0,0.00590973839071556
"India","Male","75-79",77.5,2.5,"0-4 years","stroke",0.000389012489478706,0.000443302518275229,0,0.00148640250794277
"India","Male","75-79",77.5,7.5,"5-9 years","stroke",0.000667423388811506,0.00076056804606044,0,0.00255020038127437
"India","Male","75-79",77.5,12.5,"10-14 years","stroke",0.000762769587213151,0.000869220624069074,0,0.00291451472145642
"India","Male","75-79",77.5,17.5,"15-19 years","stroke",0.000762769587213151,0.000869220624069074,0,0.00291451472145642
"India","Male","75-79",77.5,22.5,"20-24 years","stroke",0.000762769587213151,0.000869220624069074,0,0.00291451472145642
"India","Male","75-79",77.5,27.5,"25-29 years","stroke",0.000762769587213151,0.000869220624069074,0,0.00291451472145642
"India","Male","80+",84.91,2.5,"0-4 years","stroke",0.000220914915539885,0.000285775684359668,0,0.0009089674145997
"India","Male","80+",84.91,7.5,"5-9 years","stroke",0.000379020688426274,0.000490301419244527,0,0.00155950291720537
"India","Male","80+",84.91,12.5,"10-14 years","stroke",0.000433166501058598,0.000560344479136603,0,0.00178228904823471
"India","Male","80+",84.91,17.5,"15-19 years","stroke",0.000433166501058598,0.000560344479136603,0,0.00178228904823471
"India","Male","80+",84.91,22.5,"20-24 years","stroke",0.000433166501058598,0.000560344479136603,0,0.00178228904823471
"India","Male","80+",84.91,27.5,"25-29 years","stroke",0.000433166501058598,0.000560344479136603,0,0.00178228904823471
