population_group_id,population_group_name,measure_id,measure,location_id,location,gender_id,gender,age_group_id,age_group,age,cause_id,disease,metric_id,metric_name,year,mean,upper,lower,time,is_filled
1,All Population,3,YLD,642,Romania,1,Male,28,<1 year,0,294,All causes,3,Rate,2023,0.031400589742607496,0.0455032112361035,0.0219017054710028,2023,True
1,All Population,3,YLD,642,Romania,2,Female,28,<1 year,0,294,All causes,3,Rate,2023,0.027617812208302096,0.0370452582179535,0.0199587029671709,2023,True
1,All Population,3,YLD,642,Romania,1,Male,238,12-23 months,1,294,All causes,3,Rate,2023,0.036201240655861104,0.053463383300616694,0.025601454553253997,2023,True
1,All Population,3,YLD,642,Romania,2,Female,238,12-23 months,1,294,All causes,3,Rate,2023,0.0318032368191454,0.04334558021541961,0.0215333112549749,2023,True
1,All Population,3,YLD,642,Romania,1,Male,34,2-4 years,2,294,All causes,3,Rate,2023,0.0337104497128203,0.0459629032164719,0.023318162443302,2023,True
1,All Population,3,YLD,642,Romania,2,Female,34,2-4 years,2,294,All causes,3,Rate,2023,0.0307794098040693,0.0424116260183091,0.0219249981759387,2023,True
1,All Population,3,YLD,642,Romania,1,Male,34,2-4 years,3,294,All causes,3,Rate,2023,0.0337104497128203,0.0459629032164719,0.023318162443302,2023,True
1,All Population,3,YLD,642,Romania,2,Female,34,2-4 years,3,294,All causes,3,Rate,2023,0.0307794098040693,0.0424116260183091,0.0219249981759387,2023,True
1,All Population,3,YLD,642,Romania,1,Male,34,2-4 years,4,294,All causes,3,Rate,2023,0.0337104497128203,0.0459629032164719,0.023318162443302,2023,True
1,All Population,3,YLD,642,Romania,2,Female,34,2-4 years,4,294,All causes,3,Rate,2023,0.0307794098040693,0.0424116260183091,0.0219249981759387,2023,True
1,All Population,3,YLD,642,Romania,1,Male,6,5-9 years,5,294,All causes,3,Rate,2023,0.0398013996654546,0.0573595590088416,0.0288171196033602,2023,True
1,All Population,3,YLD,642,Romania,2,Female,6,5-9 years,5,294,All causes,3,Rate,2023,0.0422498158323561,0.0634543058173492,0.0296696904338995,2023,True
1,All Population,3,YLD,642,Romania,1,Male,6,5-9 years,6,294,All causes,3,Rate,2023,0.0398013996654546,0.0573595590088416,0.0288171196033602,2023,True
1,All Population,3,YLD,642,Romania,2,Female,6,5-9 years,6,294,All causes,3,Rate,2023,0.0422498158323561,0.0634543058173492,0.0296696904338995,2023,True
1,All Population,3,YLD,642,Romania,1,Male,6,5-9 years,7,294,All causes,3,Rate,2023,0.0398013996654546,0.0573595590088416,0.0288171196033602,2023,True
1,All Population,3,YLD,642,Romania,2,Female,6,5-9 years,7,294,All causes,3,Rate,2023,0.0422498158323561,0.0634543058173492,0.0296696904338995,2023,True
1,All Population,3,YLD,642,Romania,1,Male,6,5-9 years,8,294,All causes,3,Rate,2023,0.0398013996654546,0.0573595590088416,0.0288171196033602,2023,True
1,All Population,3,YLD,642,Romania,2,Female,6,5-9 years,8,294,All causes,3,Rate,2023,0.0422498158323561,0.0634543058173492,0.0296696904338995,2023,True
1,All Population,3,YLD,642,Romania,1,Male,6,5-9 years,9,294,All causes,3,Rate,2023,0.0398013996654546,0.0573595590088416,0.0288171196033602,2023,True
1,All Population,3,YLD,642,Romania,2,Female,6,5-9 years,9,294,All causes,3,Rate,2023,0.0422498158323561,0.0634543058173492,0.0296696904338995,2023,True
1,All Population,3,YLD,642,Romania,1,Male,7,10-14 years,10,294,All causes,3,Rate,2023,0.05309207190895739,0.075145671448224,0.0372573442760278,2023,True
1,All Population,3,YLD,642,Romania,2,Female,7,10-14 years,10,294,All causes,3,Rate,2023,0.06518480736605291,0.0932072340202442,0.0448414845342593,2023,True
1,All Population,3,YLD,642,Romania,1,Male,7,10-14 years,11,294,All causes,3,Rate,2023,0.05309207190895739,0.075145671448224,0.0372573442760278,2023,True
1,All Population,3,YLD,642,Romania,2,Female,7,10-14 years,11,294,All causes,3,Rate,2023,0.06518480736605291,0.0932072340202442,0.0448414845342593,2023,True
1,All Population,3,YLD,642,Romania,1,Male,7,10-14 years,12,294,All causes,3,Rate,2023,0.05309207190895739,0.075145671448224,0.0372573442760278,2023,True
1,All Population,3,YLD,642,Romania,2,Female,7,10-14 years,12,294,All causes,3,Rate,2023,0.06518480736605291,0.0932072340202442,0.0448414845342593,2023,True
1,All Population,3,YLD,642,Romania,1,Male,7,10-14 years,13,294,All causes,3,Rate,2023,0.05309207190895739,0.075145671448224,0.0372573442760278,2023,True
1,All Population,3,YLD,642,Romania,2,Female,7,10-14 years,13,294,All causes,3,Rate,2023,0.06518480736605291,0.0932072340202442,0.0448414845342593,2023,True
1,All Population,3,YLD,642,Romania,1,Male,7,10-14 years,14,294,All causes,3,Rate,2023,0.05309207190895739,0.075145671448224,0.0372573442760278,2023,True
1,All Population,3,YLD,642,Romania,2,Female,7,10-14 years,14,294,All causes,3,Rate,2023,0.06518480736605291,0.0932072340202442,0.0448414845342593,2023,True
1,All Population,3,YLD,642,Romania,1,Male,8,15-19 years,15,294,All causes,3,Rate,2023,0.0629549244261518,0.08229111623476071,0.0473451541463408,2023,True
1,All Population,3,YLD,642,Romania,2,Female,8,15-19 years,15,294,All causes,3,Rate,2023,0.0812236328492494,0.108526852470645,0.059207192250686706,2023,True
1,All Population,3,YLD,642,Romania,1,Male,8,15-19 years,16,294,All causes,3,Rate,2023,0.0629549244261518,0.08229111623476071,0.0473451541463408,2023,True
1,All Population,3,YLD,642,Romania,2,Female,8,15-19 years,16,294,All causes,3,Rate,2023,0.0812236328492494,0.108526852470645,0.059207192250686706,2023,True
1,All Population,3,YLD,642,Romania,1,Male,8,15-19 years,17,294,All causes,3,Rate,2023,0.0629549244261518,0.08229111623476071,0.0473451541463408,2023,True
1,All Population,3,YLD,642,Romania,2,Female,8,15-19 years,17,294,All causes,3,Rate,2023,0.0812236328492494,0.108526852470645,0.059207192250686706,2023,True
1,All Population,3,YLD,642,Romania,1,Male,8,15-19 years,18,294,All causes,3,Rate,2023,0.0629549244261518,0.08229111623476071,0.0473451541463408,2023,True
1,All Population,3,YLD,642,Romania,2,Female,8,15-19 years,18,294,All causes,3,Rate,2023,0.0812236328492494,0.108526852470645,0.059207192250686706,2023,True
1,All Population,3,YLD,642,Romania,1,Male,8,15-19 years,19,294,All causes,3,Rate,2023,0.0629549244261518,0.08229111623476071,0.0473451541463408,2023,True
1,All Population,3,YLD,642,Romania,2,Female,8,15-19 years,19,294,All causes,3,Rate,2023,0.0812236328492494,0.108526852470645,0.059207192250686706,2023,True
1,All Population,3,YLD,642,Romania,1,Male,9,20-24 years,20,294,All causes,3,Rate,2023,0.0691554396757521,0.0900806099805896,0.0513755356862387,2023,True
1,All Population,3,YLD,642,Romania,2,Female,9,20-24 years,20,294,All causes,3,Rate,2023,0.09035504960209341,0.118439465513869,0.0658932450138511,2023,True
1,All Population,3,YLD,642,Romania,1,Male,9,20-24 years,21,294,All causes,3,Rate,2023,0.0691554396757521,0.0900806099805896,0.0513755356862387,2023,True
1,All Population,3,YLD,642,Romania,2,Female,9,20-24 years,21,294,All causes,3,Rate,2023,0.09035504960209341,0.118439465513869,0.0658932450138511,2023,True
1,All Population,3,YLD,642,Romania,1,Male,9,20-24 years,22,294,All causes,3,Rate,2023,0.0691554396757521,0.0900806099805896,0.0513755356862387,2023,True
1,All Population,3,YLD,642,Romania,2,Female,9,20-24 years,22,294,All causes,3,Rate,2023,0.09035504960209341,0.118439465513869,0.0658932450138511,2023,True
1,All Population,3,YLD,642,Romania,1,Male,9,20-24 years,23,294,All causes,3,Rate,2023,0.0691554396757521,0.0900806099805896,0.0513755356862387,2023,True
1,All Population,3,YLD,642,Romania,2,Female,9,20-24 years,23,294,All causes,3,Rate,2023,0.09035504960209341,0.118439465513869,0.0658932450138511,2023,True
1,All Population,3,YLD,642,Romania,1,Male,9,20-24 years,24,294,All causes,3,Rate,2023,0.0691554396757521,0.0900806099805896,0.0513755356862387,2023,True
1,All Population,3,YLD,642,Romania,2,Female,9,20-24 years,24,294,All causes,3,Rate,2023,0.09035504960209341,0.118439465513869,0.0658932450138511,2023,True
1,All Population,3,YLD,642,Romania,1,Male,10,25-29 years,25,294,All causes,3,Rate,2023,0.0768392878028755,0.100862830332014,0.057653467561899895,2023,True
1,All Population,3,YLD,642,Romania,2,Female,10,25-29 years,25,294,All causes,3,Rate,2023,0.0989411080082345,0.131532840560437,0.0729491905907452,2023,True
1,All Population,3,YLD,642,Romania,1,Male,10,25-29 years,26,294,All causes,3,Rate,2023,0.0768392878028755,0.100862830332014,0.057653467561899895,2023,True
1,All Population,3,YLD,642,Romania,2,Female,10,25-29 years,26,294,All causes,3,Rate,2023,0.0989411080082345,0.131532840560437,0.0729491905907452,2023,True
1,All Population,3,YLD,642,Romania,1,Male,10,25-29 years,27,294,All causes,3,Rate,2023,0.0768392878028755,0.100862830332014,0.057653467561899895,2023,True
1,All Population,3,YLD,642,Romania,2,Female,10,25-29 years,27,294,All causes,3,Rate,2023,0.0989411080082345,0.131532840560437,0.0729491905907452,2023,True
1,All Population,3,YLD,642,Romania,1,Male,10,25-29 years,28,294,All causes,3,Rate,2023,0.0768392878028755,0.100862830332014,0.057653467561899895,2023,True
1,All Population,3,YLD,642,Romania,2,Female,10,25-29 years,28,294,All causes,3,Rate,2023,0.0989411080082345,0.131532840560437,0.0729491905907452,2023,True
1,All Population,3,YLD,642,Romania,1,Male,10,25-29 years,29,294,All causes,3,Rate,2023,0.0768392878028755,0.100862830332014,0.057653467561899895,2023,True
1,All Population,3,YLD,642,Romania,2,Female,10,25-29 years,29,294,All causes,3,Rate,2023,0.0989411080082345,0.131532840560437,0.0729491905907452,2023,True
1,All Population,3,YLD,642,Romania,1,Male,11,30-34 years,30,294,All causes,3,Rate,2023,0.08695182569218779,0.11225557588559701,0.06484755709363729,2023,True
1,All Population,3,YLD,642,Romania,2,Female,11,30-34 years,30,294,All causes,3,Rate,2023,0.10845478201094601,0.140792428750995,0.0785105890925602,2023,True
1,All Population,3,YLD,642,Romania,1,Male,11,30-34 years,31,294,All causes,3,Rate,2023,0.08695182569218779,0.11225557588559701,0.06484755709363729,2023,True
1,All Population,3,YLD,642,Romania,2,Female,11,30-34 years,31,294,All causes,3,Rate,2023,0.10845478201094601,0.140792428750995,0.0785105890925602,2023,True
1,All Population,3,YLD,642,Romania,1,Male,11,30-34 years,32,294,All causes,3,Rate,2023,0.08695182569218779,0.11225557588559701,0.06484755709363729,2023,True
1,All Population,3,YLD,642,Romania,2,Female,11,30-34 years,32,294,All causes,3,Rate,2023,0.10845478201094601,0.140792428750995,0.0785105890925602,2023,True
1,All Population,3,YLD,642,Romania,1,Male,11,30-34 years,33,294,All causes,3,Rate,2023,0.08695182569218779,0.11225557588559701,0.06484755709363729,2023,True
1,All Population,3,YLD,642,Romania,2,Female,11,30-34 years,33,294,All causes,3,Rate,2023,0.10845478201094601,0.140792428750995,0.0785105890925602,2023,True
1,All Population,3,YLD,642,Romania,1,Male,11,30-34 years,34,294,All causes,3,Rate,2023,0.08695182569218779,0.11225557588559701,0.06484755709363729,2023,True
1,All Population,3,YLD,642,Romania,2,Female,11,30-34 years,34,294,All causes,3,Rate,2023,0.10845478201094601,0.140792428750995,0.0785105890925602,2023,True
1,All Population,3,YLD,642,Romania,1,Male,12,35-39 years,35,294,All causes,3,Rate,2023,0.09920472844816841,0.129589714880335,0.0742435739358692,2023,True
1,All Population,3,YLD,642,Romania,2,Female,12,35-39 years,35,294,All causes,3,Rate,2023,0.11886074142764601,0.15500236197234102,0.088876511249571,2023,True
1,All Population,3,YLD,642,Romania,1,Male,12,35-39 years,36,294,All causes,3,Rate,2023,0.09920472844816841,0.129589714880335,0.0742435739358692,2023,True
1,All Population,3,YLD,642,Romania,2,Female,12,35-39 years,36,294,All causes,3,Rate,2023,0.11886074142764601,0.15500236197234102,0.088876511249571,2023,True
1,All Population,3,YLD,642,Romania,1,Male,12,35-39 years,37,294,All causes,3,Rate,2023,0.09920472844816841,0.129589714880335,0.0742435739358692,2023,True
1,All Population,3,YLD,642,Romania,2,Female,12,35-39 years,37,294,All causes,3,Rate,2023,0.11886074142764601,0.15500236197234102,0.088876511249571,2023,True
1,All Population,3,YLD,642,Romania,1,Male,12,35-39 years,38,294,All causes,3,Rate,2023,0.09920472844816841,0.129589714880335,0.0742435739358692,2023,True
1,All Population,3,YLD,642,Romania,2,Female,12,35-39 years,38,294,All causes,3,Rate,2023,0.11886074142764601,0.15500236197234102,0.088876511249571,2023,True
1,All Population,3,YLD,642,Romania,1,Male,12,35-39 years,39,294,All causes,3,Rate,2023,0.09920472844816841,0.129589714880335,0.0742435739358692,2023,True
1,All Population,3,YLD,642,Romania,2,Female,12,35-39 years,39,294,All causes,3,Rate,2023,0.11886074142764601,0.15500236197234102,0.088876511249571,2023,True
1,All Population,3,YLD,642,Romania,1,Male,13,40-44 years,40,294,All causes,3,Rate,2023,0.112077383195821,0.145339843475667,0.084781273523251,2023,True
1,All Population,3,YLD,642,Romania,2,Female,13,40-44 years,40,294,All causes,3,Rate,2023,0.131138226846716,0.170353939450717,0.09898837806000851,2023,True
1,All Population,3,YLD,642,Romania,1,Male,13,40-44 years,41,294,All causes,3,Rate,2023,0.112077383195821,0.145339843475667,0.084781273523251,2023,True
1,All Population,3,YLD,642,Romania,2,Female,13,40-44 years,41,294,All causes,3,Rate,2023,0.131138226846716,0.170353939450717,0.09898837806000851,2023,True
1,All Population,3,YLD,642,Romania,1,Male,13,40-44 years,42,294,All causes,3,Rate,2023,0.112077383195821,0.145339843475667,0.084781273523251,2023,True
1,All Population,3,YLD,642,Romania,2,Female,13,40-44 years,42,294,All causes,3,Rate,2023,0.131138226846716,0.170353939450717,0.09898837806000851,2023,True
1,All Population,3,YLD,642,Romania,1,Male,13,40-44 years,43,294,All causes,3,Rate,2023,0.112077383195821,0.145339843475667,0.084781273523251,2023,True
1,All Population,3,YLD,642,Romania,2,Female,13,40-44 years,43,294,All causes,3,Rate,2023,0.131138226846716,0.170353939450717,0.09898837806000851,2023,True
1,All Population,3,YLD,642,Romania,1,Male,13,40-44 years,44,294,All causes,3,Rate,2023,0.112077383195821,0.145339843475667,0.084781273523251,2023,True
1,All Population,3,YLD,642,Romania,2,Female,13,40-44 years,44,294,All causes,3,Rate,2023,0.131138226846716,0.170353939450717,0.09898837806000851,2023,True
1,All Population,3,YLD,642,Romania,1,Male,14,45-49 years,45,294,All causes,3,Rate,2023,0.127386656739548,0.164990981064045,0.09504125605687501,2023,True
1,All Population,3,YLD,642,Romania,2,Female,14,45-49 years,45,294,All causes,3,Rate,2023,0.146271546399187,0.19137971153968503,0.110167724729978,2023,True
1,All Population,3,YLD,642,Romania,1,Male,14,45-49 years,46,294,All causes,3,Rate,2023,0.127386656739548,0.164990981064045,0.09504125605687501,2023,True
1,All Population,3,YLD,642,Romania,2,Female,14,45-49 years,46,294,All causes,3,Rate,2023,0.146271546399187,0.19137971153968503,0.110167724729978,2023,True
1,All Population,3,YLD,642,Romania,1,Male,14,45-49 years,47,294,All causes,3,Rate,2023,0.127386656739548,0.164990981064045,0.09504125605687501,2023,True
1,All Population,3,YLD,642,Romania,2,Female,14,45-49 years,47,294,All causes,3,Rate,2023,0.146271546399187,0.19137971153968503,0.110167724729978,2023,True
1,All Population,3,YLD,642,Romania,1,Male,14,45-49 years,48,294,All causes,3,Rate,2023,0.127386656739548,0.164990981064045,0.09504125605687501,2023,True
1,All Population,3,YLD,642,Romania,2,Female,14,45-49 years,48,294,All causes,3,Rate,2023,0.146271546399187,0.19137971153968503,0.110167724729978,2023,True
1,All Population,3,YLD,642,Romania,1,Male,14,45-49 years,49,294,All causes,3,Rate,2023,0.127386656739548,0.164990981064045,0.09504125605687501,2023,True
1,All Population,3,YLD,642,Romania,2,Female,14,45-49 years,49,294,All causes,3,Rate,2023,0.146271546399187,0.19137971153968503,0.110167724729978,2023,True
1,All Population,3,YLD,642,Romania,1,Male,15,50-54 years,50,294,All causes,3,Rate,2023,0.14855821815438,0.193714328923533,0.111709704070971,2023,True
1,All Population,3,YLD,642,Romania,2,Female,15,50-54 years,50,294,All causes,3,Rate,2023,0.164244888950936,0.21325197291703,0.12213062761475299,2023,True
1,All Population,3,YLD,642,Romania,1,Male,15,50-54 years,51,294,All causes,3,Rate,2023,0.14855821815438,0.193714328923533,0.111709704070971,2023,True
1,All Population,3,YLD,642,Romania,2,Female,15,50-54 years,51,294,All causes,3,Rate,2023,0.164244888950936,0.21325197291703,0.12213062761475299,2023,True
1,All Population,3,YLD,642,Romania,1,Male,15,50-54 years,52,294,All causes,3,Rate,2023,0.14855821815438,0.193714328923533,0.111709704070971,2023,True
1,All Population,3,YLD,642,Romania,2,Female,15,50-54 years,52,294,All causes,3,Rate,2023,0.164244888950936,0.21325197291703,0.12213062761475299,2023,True
1,All Population,3,YLD,642,Romania,1,Male,15,50-54 years,53,294,All causes,3,Rate,2023,0.14855821815438,0.193714328923533,0.111709704070971,2023,True
1,All Population,3,YLD,642,Romania,2,Female,15,50-54 years,53,294,All causes,3,Rate,2023,0.164244888950936,0.21325197291703,0.12213062761475299,2023,True
1,All Population,3,YLD,642,Romania,1,Male,15,50-54 years,54,294,All causes,3,Rate,2023,0.14855821815438,0.193714328923533,0.111709704070971,2023,True
1,All Population,3,YLD,642,Romania,2,Female,15,50-54 years,54,294,All causes,3,Rate,2023,0.164244888950936,0.21325197291703,0.12213062761475299,2023,True
1,All Population,3,YLD,642,Romania,1,Male,16,55-59 years,55,294,All causes,3,Rate,2023,0.174734812917794,0.226102980885015,0.131972466850281,2023,True
1,All Population,3,YLD,642,Romania,2,Female,16,55-59 years,55,294,All causes,3,Rate,2023,0.181692218661293,0.239286777283499,0.13793238843077799,2023,True
1,All Population,3,YLD,642,Romania,1,Male,16,55-59 years,56,294,All causes,3,Rate,2023,0.174734812917794,0.226102980885015,0.131972466850281,2023,True
1,All Population,3,YLD,642,Romania,2,Female,16,55-59 years,56,294,All causes,3,Rate,2023,0.181692218661293,0.239286777283499,0.13793238843077799,2023,True
1,All Population,3,YLD,642,Romania,1,Male,16,55-59 years,57,294,All causes,3,Rate,2023,0.174734812917794,0.226102980885015,0.131972466850281,2023,True
1,All Population,3,YLD,642,Romania,2,Female,16,55-59 years,57,294,All causes,3,Rate,2023,0.181692218661293,0.239286777283499,0.13793238843077799,2023,True
1,All Population,3,YLD,642,Romania,1,Male,16,55-59 years,58,294,All causes,3,Rate,2023,0.174734812917794,0.226102980885015,0.131972466850281,2023,True
1,All Population,3,YLD,642,Romania,2,Female,16,55-59 years,58,294,All causes,3,Rate,2023,0.181692218661293,0.239286777283499,0.13793238843077799,2023,True
1,All Population,3,YLD,642,Romania,1,Male,16,55-59 years,59,294,All causes,3,Rate,2023,0.174734812917794,0.226102980885015,0.131972466850281,2023,True
1,All Population,3,YLD,642,Romania,2,Female,16,55-59 years,59,294,All causes,3,Rate,2023,0.181692218661293,0.239286777283499,0.13793238843077799,2023,True
1,All Population,3,YLD,642,Romania,1,Male,17,60-64 years,60,294,All causes,3,Rate,2023,0.205149657387039,0.266514911121714,0.15677529246812702,2023,True
1,All Population,3,YLD,642,Romania,2,Female,17,60-64 years,60,294,All causes,3,Rate,2023,0.203526462697715,0.262556837958617,0.15742474050875702,2023,True
1,All Population,3,YLD,642,Romania,1,Male,17,60-64 years,61,294,All causes,3,Rate,2023,0.205149657387039,0.266514911121714,0.15677529246812702,2023,True
1,All Population,3,YLD,642,Romania,2,Female,17,60-64 years,61,294,All causes,3,Rate,2023,0.203526462697715,0.262556837958617,0.15742474050875702,2023,True
1,All Population,3,YLD,642,Romania,1,Male,17,60-64 years,62,294,All causes,3,Rate,2023,0.205149657387039,0.266514911121714,0.15677529246812702,2023,True
1,All Population,3,YLD,642,Romania,2,Female,17,60-64 years,62,294,All causes,3,Rate,2023,0.203526462697715,0.262556837958617,0.15742474050875702,2023,True
1,All Population,3,YLD,642,Romania,1,Male,17,60-64 years,63,294,All causes,3,Rate,2023,0.205149657387039,0.266514911121714,0.15677529246812702,2023,True
1,All Population,3,YLD,642,Romania,2,Female,17,60-64 years,63,294,All causes,3,Rate,2023,0.203526462697715,0.262556837958617,0.15742474050875702,2023,True
1,All Population,3,YLD,642,Romania,1,Male,17,60-64 years,64,294,All causes,3,Rate,2023,0.205149657387039,0.266514911121714,0.15677529246812702,2023,True
1,All Population,3,YLD,642,Romania,2,Female,17,60-64 years,64,294,All causes,3,Rate,2023,0.203526462697715,0.262556837958617,0.15742474050875702,2023,True
1,All Population,3,YLD,642,Romania,1,Male,18,65-69 years,65,294,All causes,3,Rate,2023,0.236425723920114,0.302106276166305,0.17916759239652802,2023,True
1,All Population,3,YLD,642,Romania,2,Female,18,65-69 years,65,294,All causes,3,Rate,2023,0.223821201351294,0.283916667442303,0.171014886513981,2023,True
1,All Population,3,YLD,642,Romania,1,Male,18,65-69 years,66,294,All causes,3,Rate,2023,0.236425723920114,0.302106276166305,0.17916759239652802,2023,True
1,All Population,3,YLD,642,Romania,2,Female,18,65-69 years,66,294,All causes,3,Rate,2023,0.223821201351294,0.283916667442303,0.171014886513981,2023,True
1,All Population,3,YLD,642,Romania,1,Male,18,65-69 years,67,294,All causes,3,Rate,2023,0.236425723920114,0.302106276166305,0.17916759239652802,2023,True
1,All Population,3,YLD,642,Romania,2,Female,18,65-69 years,67,294,All causes,3,Rate,2023,0.223821201351294,0.283916667442303,0.171014886513981,2023,True
1,All Population,3,YLD,642,Romania,1,Male,18,65-69 years,68,294,All causes,3,Rate,2023,0.236425723920114,0.302106276166305,0.17916759239652802,2023,True
1,All Population,3,YLD,642,Romania,2,Female,18,65-69 years,68,294,All causes,3,Rate,2023,0.223821201351294,0.283916667442303,0.171014886513981,2023,True
1,All Population,3,YLD,642,Romania,1,Male,18,65-69 years,69,294,All causes,3,Rate,2023,0.236425723920114,0.302106276166305,0.17916759239652802,2023,True
1,All Population,3,YLD,642,Romania,2,Female,18,65-69 years,69,294,All causes,3,Rate,2023,0.223821201351294,0.283916667442303,0.171014886513981,2023,True
1,All Population,3,YLD,642,Romania,1,Male,19,70-74 years,70,294,All causes,3,Rate,2023,0.266985729416373,0.34037367616681397,0.206322257564092,2023,True
1,All Population,3,YLD,642,Romania,2,Female,19,70-74 years,70,294,All causes,3,Rate,2023,0.24757481613798202,0.317862077821186,0.18849931823338897,2023,True
1,All Population,3,YLD,642,Romania,1,Male,19,70-74 years,71,294,All causes,3,Rate,2023,0.266985729416373,0.34037367616681397,0.206322257564092,2023,True
1,All Population,3,YLD,642,Romania,2,Female,19,70-74 years,71,294,All causes,3,Rate,2023,0.24757481613798202,0.317862077821186,0.18849931823338897,2023,True
1,All Population,3,YLD,642,Romania,1,Male,19,70-74 years,72,294,All causes,3,Rate,2023,0.266985729416373,0.34037367616681397,0.206322257564092,2023,True
1,All Population,3,YLD,642,Romania,2,Female,19,70-74 years,72,294,All causes,3,Rate,2023,0.24757481613798202,0.317862077821186,0.18849931823338897,2023,True
1,All Population,3,YLD,642,Romania,1,Male,19,70-74 years,73,294,All causes,3,Rate,2023,0.266985729416373,0.34037367616681397,0.206322257564092,2023,True
1,All Population,3,YLD,642,Romania,2,Female,19,70-74 years,73,294,All causes,3,Rate,2023,0.24757481613798202,0.317862077821186,0.18849931823338897,2023,True
1,All Population,3,YLD,642,Romania,1,Male,19,70-74 years,74,294,All causes,3,Rate,2023,0.266985729416373,0.34037367616681397,0.206322257564092,2023,True
1,All Population,3,YLD,642,Romania,2,Female,19,70-74 years,74,294,All causes,3,Rate,2023,0.24757481613798202,0.317862077821186,0.18849931823338897,2023,True
1,All Population,3,YLD,642,Romania,1,Male,20,75-79 years,75,294,All causes,3,Rate,2023,0.29376371141441704,0.36755055256831404,0.224580565925542,2023,True
1,All Population,3,YLD,642,Romania,2,Female,20,75-79 years,75,294,All causes,3,Rate,2023,0.271489654767803,0.343477661332143,0.206732176967583,2023,True
1,All Population,3,YLD,642,Romania,1,Male,20,75-79 years,76,294,All causes,3,Rate,2023,0.29376371141441704,0.36755055256831404,0.224580565925542,2023,True
1,All Population,3,YLD,642,Romania,2,Female,20,75-79 years,76,294,All causes,3,Rate,2023,0.271489654767803,0.343477661332143,0.206732176967583,2023,True
1,All Population,3,YLD,642,Romania,1,Male,20,75-79 years,77,294,All causes,3,Rate,2023,0.29376371141441704,0.36755055256831404,0.224580565925542,2023,True
1,All Population,3,YLD,642,Romania,2,Female,20,75-79 years,77,294,All causes,3,Rate,2023,0.271489654767803,0.343477661332143,0.206732176967583,2023,True
1,All Population,3,YLD,642,Romania,1,Male,20,75-79 years,78,294,All causes,3,Rate,2023,0.29376371141441704,0.36755055256831404,0.224580565925542,2023,True
1,All Population,3,YLD,642,Romania,2,Female,20,75-79 years,78,294,All causes,3,Rate,2023,0.271489654767803,0.343477661332143,0.206732176967583,2023,True
1,All Population,3,YLD,642,Romania,1,Male,20,75-79 years,79,294,All causes,3,Rate,2023,0.29376371141441704,0.36755055256831404,0.224580565925542,2023,True
1,All Population,3,YLD,642,Romania,2,Female,20,75-79 years,79,294,All causes,3,Rate,2023,0.271489654767803,0.343477661332143,0.206732176967583,2023,True
1,All Population,3,YLD,642,Romania,1,Male,30,80-84 years,80,294,All causes,3,Rate,2023,0.318491628588745,0.395764404468681,0.248174493627101,2023,True
1,All Population,3,YLD,642,Romania,2,Female,30,80-84 years,80,294,All causes,3,Rate,2023,0.296980485964003,0.373116833891301,0.225438390477679,2023,True
1,All Population,3,YLD,642,Romania,1,Male,30,80-84 years,81,294,All causes,3,Rate,2023,0.318491628588745,0.395764404468681,0.248174493627101,2023,True
1,All Population,3,YLD,642,Romania,2,Female,30,80-84 years,81,294,All causes,3,Rate,2023,0.296980485964003,0.373116833891301,0.225438390477679,2023,True
1,All Population,3,YLD,642,Romania,1,Male,30,80-84 years,82,294,All causes,3,Rate,2023,0.318491628588745,0.395764404468681,0.248174493627101,2023,True
1,All Population,3,YLD,642,Romania,2,Female,30,80-84 years,82,294,All causes,3,Rate,2023,0.296980485964003,0.373116833891301,0.225438390477679,2023,True
1,All Population,3,YLD,642,Romania,1,Male,30,80-84 years,83,294,All causes,3,Rate,2023,0.318491628588745,0.395764404468681,0.248174493627101,2023,True
1,All Population,3,YLD,642,Romania,2,Female,30,80-84 years,83,294,All causes,3,Rate,2023,0.296980485964003,0.373116833891301,0.225438390477679,2023,True
1,All Population,3,YLD,642,Romania,1,Male,30,80-84 years,84,294,All causes,3,Rate,2023,0.318491628588745,0.395764404468681,0.248174493627101,2023,True
1,All Population,3,YLD,642,Romania,2,Female,30,80-84 years,84,294,All causes,3,Rate,2023,0.296980485964003,0.373116833891301,0.225438390477679,2023,True
1,All Population,3,YLD,642,Romania,1,Male,31,85-89 years,85,294,All causes,3,Rate,2023,0.33754053069109,0.410846756190647,0.261394560279739,2023,True
1,All Population,3,YLD,642,Romania,2,Female,31,85-89 years,85,294,All causes,3,Rate,2023,0.320341108250124,0.39419627225070203,0.24582272840035502,2023,True
1,All Population,3,YLD,642,Romania,1,Male,31,85-89 years,86,294,All causes,3,Rate,2023,0.33754053069109,0.410846756190647,0.261394560279739,2023,True
1,All Population,3,YLD,642,Romania,2,Female,31,85-89 years,86,294,All causes,3,Rate,2023,0.320341108250124,0.39419627225070203,0.24582272840035502,2023,True
1,All Population,3,YLD,642,Romania,1,Male,31,85-89 years,87,294,All causes,3,Rate,2023,0.33754053069109,0.410846756190647,0.261394560279739,2023,True
1,All Population,3,YLD,642,Romania,2,Female,31,85-89 years,87,294,All causes,3,Rate,2023,0.320341108250124,0.39419627225070203,0.24582272840035502,2023,True
1,All Population,3,YLD,642,Romania,1,Male,31,85-89 years,88,294,All causes,3,Rate,2023,0.33754053069109,0.410846756190647,0.261394560279739,2023,True
1,All Population,3,YLD,642,Romania,2,Female,31,85-89 years,88,294,All causes,3,Rate,2023,0.320341108250124,0.39419627225070203,0.24582272840035502,2023,True
1,All Population,3,YLD,642,Romania,1,Male,31,85-89 years,89,294,All causes,3,Rate,2023,0.33754053069109,0.410846756190647,0.261394560279739,2023,True
1,All Population,3,YLD,642,Romania,2,Female,31,85-89 years,89,294,All causes,3,Rate,2023,0.320341108250124,0.39419627225070203,0.24582272840035502,2023,True
1,All Population,3,YLD,642,Romania,1,Male,32,90-94 years,90,294,All causes,3,Rate,2023,0.354577565031623,0.438678185623623,0.278267390124257,2023,True
1,All Population,3,YLD,642,Romania,2,Female,32,90-94 years,90,294,All causes,3,Rate,2023,0.339629486221961,0.42658797822895506,0.262499884260826,2023,True
1,All Population,3,YLD,642,Romania,1,Male,32,90-94 years,91,294,All causes,3,Rate,2023,0.354577565031623,0.438678185623623,0.278267390124257,2023,True
1,All Population,3,YLD,642,Romania,2,Female,32,90-94 years,91,294,All causes,3,Rate,2023,0.339629486221961,0.42658797822895506,0.262499884260826,2023,True
1,All Population,3,YLD,642,Romania,1,Male,32,90-94 years,92,294,All causes,3,Rate,2023,0.354577565031623,0.438678185623623,0.278267390124257,2023,True
1,All Population,3,YLD,642,Romania,2,Female,32,90-94 years,92,294,All causes,3,Rate,2023,0.339629486221961,0.42658797822895506,0.262499884260826,2023,True
1,All Population,3,YLD,642,Romania,1,Male,32,90-94 years,93,294,All causes,3,Rate,2023,0.354577565031623,0.438678185623623,0.278267390124257,2023,True
1,All Population,3,YLD,642,Romania,2,Female,32,90-94 years,93,294,All causes,3,Rate,2023,0.339629486221961,0.42658797822895506,0.262499884260826,2023,True
1,All Population,3,YLD,642,Romania,1,Male,32,90-94 years,94,294,All causes,3,Rate,2023,0.354577565031623,0.438678185623623,0.278267390124257,2023,True
1,All Population,3,YLD,642,Romania,2,Female,32,90-94 years,94,294,All causes,3,Rate,2023,0.339629486221961,0.42658797822895506,0.262499884260826,2023,True
1,All Population,3,YLD,642,Romania,1,Male,235,95+ years,95,294,All causes,3,Rate,2023,0.38110222682204703,0.46896273631823804,0.30151621149616503,2023,True
1,All Population,3,YLD,642,Romania,2,Female,235,95+ years,95,294,All causes,3,Rate,2023,0.364713937635034,0.455007910647671,0.280839767768104,2023,True
1,All Population,3,YLD,642,Romania,1,Male,235,95+ years,96,294,All causes,3,Rate,2023,0.38110222682204703,0.46896273631823804,0.30151621149616503,2023,True
1,All Population,3,YLD,642,Romania,2,Female,235,95+ years,96,294,All causes,3,Rate,2023,0.364713937635034,0.455007910647671,0.280839767768104,2023,True
1,All Population,3,YLD,642,Romania,1,Male,235,95+ years,97,294,All causes,3,Rate,2023,0.38110222682204703,0.46896273631823804,0.30151621149616503,2023,True
1,All Population,3,YLD,642,Romania,2,Female,235,95+ years,97,294,All causes,3,Rate,2023,0.364713937635034,0.455007910647671,0.280839767768104,2023,True
1,All Population,3,YLD,642,Romania,1,Male,235,95+ years,98,294,All causes,3,Rate,2023,0.38110222682204703,0.46896273631823804,0.30151621149616503,2023,True
1,All Population,3,YLD,642,Romania,2,Female,235,95+ years,98,294,All causes,3,Rate,2023,0.364713937635034,0.455007910647671,0.280839767768104,2023,True
1,All Population,3,YLD,642,Romania,1,Male,235,95+ years,99,294,All causes,3,Rate,2023,0.38110222682204703,0.46896273631823804,0.30151621149616503,2023,True
1,All Population,3,YLD,642,Romania,2,Female,235,95+ years,99,294,All causes,3,Rate,2023,0.364713937635034,0.455007910647671,0.280839767768104,2023,True
1,All Population,3,YLD,642,Romania,1,Male,235,95+ years,100,294,All causes,3,Rate,2023,0.38110222682204703,0.46896273631823804,0.30151621149616503,2023,True
1,All Population,3,YLD,642,Romania,2,Female,235,95+ years,100,294,All causes,3,Rate,2023,0.364713937635034,0.455007910647671,0.280839767768104,2023,True
1,All Population,3,YLD,642,Romania,1,Male,235,95+ years,101,294,All causes,3,Rate,2023,0.38110222682204703,0.46896273631823804,0.30151621149616503,2023,True
1,All Population,3,YLD,642,Romania,2,Female,235,95+ years,101,294,All causes,3,Rate,2023,0.364713937635034,0.455007910647671,0.280839767768104,2023,True
1,All Population,3,YLD,642,Romania,1,Male,235,95+ years,102,294,All causes,3,Rate,2023,0.38110222682204703,0.46896273631823804,0.30151621149616503,2023,True
1,All Population,3,YLD,642,Romania,2,Female,235,95+ years,102,294,All causes,3,Rate,2023,0.364713937635034,0.455007910647671,0.280839767768104,2023,True
1,All Population,3,YLD,642,Romania,1,Male,235,95+ years,103,294,All causes,3,Rate,2023,0.38110222682204703,0.46896273631823804,0.30151621149616503,2023,True
1,All Population,3,YLD,642,Romania,2,Female,235,95+ years,103,294,All causes,3,Rate,2023,0.364713937635034,0.455007910647671,0.280839767768104,2023,True
1,All Population,3,YLD,642,Romania,1,Male,235,95+ years,104,294,All causes,3,Rate,2023,0.38110222682204703,0.46896273631823804,0.30151621149616503,2023,True
1,All Population,3,YLD,642,Romania,2,Female,235,95+ years,104,294,All causes,3,Rate,2023,0.364713937635034,0.455007910647671,0.280839767768104,2023,True
1,All Population,3,YLD,642,Romania,1,Male,235,95+ years,105,294,All causes,3,Rate,2023,0.38110222682204703,0.46896273631823804,0.30151621149616503,2023,True
1,All Population,3,YLD,642,Romania,2,Female,235,95+ years,105,294,All causes,3,Rate,2023,0.364713937635034,0.455007910647671,0.280839767768104,2023,True
1,All Population,3,YLD,642,Romania,1,Male,235,95+ years,106,294,All causes,3,Rate,2023,0.38110222682204703,0.46896273631823804,0.30151621149616503,2023,True
1,All Population,3,YLD,642,Romania,2,Female,235,95+ years,106,294,All causes,3,Rate,2023,0.364713937635034,0.455007910647671,0.280839767768104,2023,True
1,All Population,3,YLD,642,Romania,1,Male,235,95+ years,107,294,All causes,3,Rate,2023,0.38110222682204703,0.46896273631823804,0.30151621149616503,2023,True
1,All Population,3,YLD,642,Romania,2,Female,235,95+ years,107,294,All causes,3,Rate,2023,0.364713937635034,0.455007910647671,0.280839767768104,2023,True
1,All Population,3,YLD,642,Romania,1,Male,235,95+ years,108,294,All causes,3,Rate,2023,0.38110222682204703,0.46896273631823804,0.30151621149616503,2023,True
1,All Population,3,YLD,642,Romania,2,Female,235,95+ years,108,294,All causes,3,Rate,2023,0.364713937635034,0.455007910647671,0.280839767768104,2023,True
1,All Population,3,YLD,642,Romania,1,Male,235,95+ years,109,294,All causes,3,Rate,2023,0.38110222682204703,0.46896273631823804,0.30151621149616503,2023,True
1,All Population,3,YLD,642,Romania,2,Female,235,95+ years,109,294,All causes,3,Rate,2023,0.364713937635034,0.455007910647671,0.280839767768104,2023,True
1,All Population,3,YLD,642,Romania,1,Male,235,95+ years,110,294,All causes,3,Rate,2023,0.38110222682204703,0.46896273631823804,0.30151621149616503,2023,True
1,All Population,3,YLD,642,Romania,2,Female,235,95+ years,110,294,All causes,3,Rate,2023,0.364713937635034,0.455007910647671,0.280839767768104,2023,True
